date,nav,cash,cash_frac,n_stocks,trades,eligible_count
2019-02-06,0.9999999999999999,0.9999999999999999,1.0,0,0,1250
2019-02-07,0.9990000000000002,0.0,0.0,100,100,1246
2019-02-08,0.9952124278108837,0.0,0.0,100,102,1122
2019-02-11,0.9989360075170458,0.0,0.0,100,102,1365
2019-02-12,1.0097642987984308,0.0,0.0,100,102,1430
2019-02-13,1.0142202217673821,0.0,0.0,100,104,1413
2019-02-14,1.0150524122950912,0.0,0.0,100,106,1390
2019-02-15,1.0200894517113877,0.0,0.0,100,108,1446
2019-02-18,1.0247123327633594,0.0,0.0,100,108,1525
2019-02-19,1.02845592870941,0.0,0.0,100,110,1496
2019-02-20,1.0308328286727064,0.0,0.0,100,110,1499
2019-02-21,1.0295374908565775,0.0,0.0,100,110,1469
2019-02-22,1.0455725354078933,0.0,0.0,100,112,1364
2019-02-25,1.0542998486634032,0.0,0.0,100,112,1373
2019-02-26,1.0566949577011366,0.0,0.0,100,114,1416
2019-02-27,1.052106783597527,0.0,0.0,100,114,1428
2019-02-28,1.04990912895355,0.0,0.0,100,114,1362
2019-03-01,1.0561220879560955,0.0,0.0,100,114,1348
2019-03-04,1.058804386635793,0.0,0.0,100,118,1435
2019-03-05,1.0580812477406192,0.0,0.0,100,118,1401
2019-03-06,1.0523609506703806,0.0,0.0,100,120,1353
2019-03-07,1.03977985895175,0.0,0.0,100,122,1215
2019-03-08,1.0325465903665707,0.0,0.0,100,124,1073
2019-03-11,1.0444488655457342,0.0,0.0,100,126,1104
2019-03-12,1.0443818732510621,0.0,0.0,100,128,1062
2019-03-13,1.0474942512618561,0.0,0.0,100,134,1055
2019-03-14,1.0493513611829264,0.0,0.0,100,138,1187
2019-03-15,1.0555839528252344,0.0,0.0,100,140,1390
2019-03-18,1.0624918967290218,0.0,0.0,100,144,1412
2019-03-19,1.0615762582208257,0.0,0.0,100,144,1295
2019-03-20,1.0575420888306417,0.0,0.0,100,146,1198
2019-03-21,1.0701871757074495,0.0,0.0,100,148,1234
2019-03-22,1.0464422186288718,0.0,0.0,100,148,1046
2019-03-25,1.0354653579281459,0.0,0.0,100,156,825
2019-03-26,1.0399145845901152,0.0,0.0,100,162,961
2019-03-27,1.032073893116696,0.0,0.0,100,162,881
2019-03-28,1.0350362369135857,0.0,0.0,100,166,872
2019-03-29,1.0487938071488128,0.0,0.0,100,170,896
2019-04-01,1.0658042018709544,0.0,0.0,100,174,1021
2019-04-02,1.0718647026790395,0.0,0.0,100,174,1071
2019-04-03,1.0852728106052927,0.0,0.0,100,178,1181
2019-04-04,1.0754254969811838,0.0,0.0,100,178,1180
2019-04-05,1.0796171915977393,0.0,0.0,100,178,1174
2019-04-08,1.0852345296560892,0.0,0.0,100,178,1130
2019-04-09,1.0780050861603778,0.0,0.0,100,180,1109
2019-04-10,1.0839026272308636,0.0,0.0,100,186,1148
2019-04-11,1.0855781333827714,0.0,0.0,100,186,1263
2019-04-12,1.0924235011092738,0.0,0.0,100,186,1386
2019-04-15,1.0930630165162252,0.0,0.0,100,190,1368
2019-04-16,1.0945244189743213,0.0,0.0,100,194,1290
2019-04-17,1.0869264434349089,0.0,0.0,100,196,1302
2019-04-18,1.084269047062853,0.0,0.0,100,196,1263
2019-04-19,1.0849989215643459,0.0,0.0,100,198,1202
2019-04-22,1.0911763309038898,0.0,0.0,100,202,1138
2019-04-23,1.1044617035113076,0.0,0.0,100,202,1173
2019-04-24,1.1032157949853243,0.0,0.0,100,206,1194
2019-04-25,1.09770478514269,0.0,0.0,100,206,1129
2019-04-26,1.0969810504541861,0.0,0.0,100,208,1217
2019-04-29,1.0989540518858647,0.0,0.0,100,208,1312
2019-04-30,1.1010786728341813,0.0,0.0,100,208,1217
2019-05-01,1.0932575462811938,0.0,0.0,100,208,1208
2019-05-02,1.0874779643697277,0.0,0.0,100,208,961
2019-05-03,1.097233811900412,0.0,0.0,100,228,936
2019-05-06,1.0841514284884815,0.0,0.0,100,230,819
2019-05-07,1.0743580882106625,0.0,0.0,100,238,666
2019-05-08,1.077301049584758,0.0,0.0,100,242,598
2019-05-09,1.065316614581866,0.0,0.0,100,246,521
2019-05-10,1.0665409199529514,0.0,0.0,100,252,543
2019-05-13,1.0420794143488787,0.0,0.0,100,254,447
2019-05-14,1.0650410125945171,0.0,0.0,100,268,541
2019-05-15,1.0724265087573297,0.0,0.0,100,274,568
2019-05-16,1.0845673084888654,0.0,0.0,100,274,631
2019-05-17,1.083462136957543,0.0,0.0,100,276,596
2019-05-20,1.0707196058430424,0.0,0.0,100,280,539
2019-05-21,1.081810727881762,0.0,0.0,100,286,537
2019-05-22,1.0785639077428213,0.0,0.0,100,286,562
2019-05-23,1.0629622637928469,0.0,0.0,100,296,494
2019-05-24,1.0713964824755504,0.0,0.0,100,302,491
2019-05-27,1.076593646982238,0.0,0.0,100,302,488
2019-05-28,1.0825666350884782,0.0,0.0,100,304,454
2019-05-29,1.063268046812388,0.0,0.0,100,306,397
2019-05-30,1.0662624511966021,0.0,0.0,100,316,405
2019-05-31,1.0639678993272148,0.0,0.0,100,316,377
2019-06-03,1.0490826482284654,0.0,0.0,100,318,447
2019-06-04,1.0494407969588284,0.0,0.0,100,324,458
2019-06-05,1.05891531003552,0.0,0.0,100,334,529
2019-06-06,1.0572184398232645,0.0,0.0,100,334,460
2019-06-07,1.073562969785763,0.0,0.0,100,354,504
2019-06-10,1.0777205529546008,0.0,0.0,100,356,540
2019-06-11,1.081553024303371,0.0,0.0,100,356,782
2019-06-12,1.0845375745023986,0.0,0.0,100,362,807
2019-06-13,1.0826924346668099,0.0,0.0,100,368,885
2019-06-14,1.0801303848412709,0.0,0.0,100,370,865
2019-06-17,1.0769849700373237,0.0,0.0,100,370,996
2019-06-18,1.0861142583625025,0.0,0.0,100,372,1006
2019-06-19,1.086814890678231,0.0,0.0,100,376,1030
2019-06-20,1.0966207461952064,0.0,0.0,100,384,1001
2019-06-21,1.09138303095384,0.0,0.0,100,384,948
2019-06-24,1.0861614830677109,0.0,0.0,100,386,1008
2019-06-25,1.0703847856211364,0.0,0.0,100,386,921
2019-06-26,1.0653616768557927,0.0,0.0,100,386,895
2019-06-27,1.0724831941420732,0.0,0.0,100,386,1142
2019-06-28,1.0762124257041088,0.0,0.0,100,392,1144
2019-07-01,1.0786077217163517,0.0,0.0,100,392,1265
2019-07-02,1.082385002567329,0.0,0.0,100,392,1298
2019-07-03,1.0941753881807317,0.0,0.0,100,394,1435
2019-07-04,1.0955424557942013,0.0,0.0,100,398,1478
2019-07-05,1.094710429698767,0.0,0.0,100,398,1515
2019-07-08,1.0873727182600794,0.0,0.0,100,400,1510
2019-07-09,1.0856989621157607,0.0,0.0,100,404,1394
2019-07-10,1.0934053819865908,0.0,0.0,100,408,1300
2019-07-11,1.0990224152004124,0.0,0.0,100,408,1346
2019-07-12,1.0969468706431937,0.0,0.0,100,410,1280
2019-07-15,1.1014780874342662,0.0,0.0,100,410,1225
2019-07-16,1.1009023817191277,0.0,0.0,100,410,1155
2019-07-17,1.100614679426779,0.0,0.0,100,414,1132
2019-07-18,1.103500854291435,0.0,0.0,100,414,1043
2019-07-19,1.104848652694369,0.0,0.0,100,416,1112
2019-07-22,1.1139192290032287,0.0,0.0,100,418,1165
2019-07-23,1.118556813585097,0.0,0.0,100,420,1190
2019-07-24,1.1271150333517845,0.0,0.0,100,422,1118
2019-07-25,1.1214853722877975,0.0,0.0,100,422,1045
2019-07-26,1.1263154482787623,0.0,0.0,100,424,1099
2019-07-29,1.1217365468861813,0.0,0.0,100,424,1105
2019-07-30,1.1197678068362014,0.0,0.0,100,432,1087
2019-07-31,1.110811423020269,0.0,0.0,100,434,1083
2019-08-01,1.1159464213403887,0.0,0.0,100,434,997
2019-08-02,1.1017314472918356,0.0,0.0,100,436,771
2019-08-05,1.0653620214466246,0.0,0.0,100,438,474
2019-08-06,1.0750733895141857,0.0,0.0,100,446,444
2019-08-07,1.0913485931301061,0.0,0.0,100,450,428
2019-08-08,1.1062859508104934,0.0,0.0,100,454,503
2019-08-09,1.1147590844549058,0.0,0.0,100,458,504
2019-08-12,1.1040734195248476,0.0,0.0,100,464,498
2019-08-13,1.1004114779070224,0.0,0.0,100,466,546
2019-08-14,1.0770501283330571,0.0,0.0,100,472,452
2019-08-15,1.070896569185901,0.0,0.0,100,478,410
2019-08-16,1.0743508875342003,0.0,0.0,100,480,461
2019-08-19,1.0777964407563585,0.0,0.0,100,484,527
2019-08-20,1.0829189311991025,0.0,0.0,100,488,540
2019-08-21,1.0925901696315328,0.0,0.0,100,490,585
2019-08-22,1.0882726404708252,0.0,0.0,100,492,609
2019-08-23,1.0817270703392277,0.0,0.0,100,500,540
2019-08-26,1.0852926587740586,0.0,0.0,100,504,511
2019-08-27,1.0913663619843286,0.0,0.0,100,516,526
2019-08-28,1.0902568714723084,0.0,0.0,100,520,491
2019-08-29,1.0891601535472144,0.0,0.0,100,522,521
2019-08-30,1.08979372065821,0.0,0.0,100,526,550
2019-09-02,1.0923668981454457,0.0,0.0,100,538,541
2019-09-03,1.0978888921767433,0.0,0.0,100,540,550
2019-09-04,1.1061275821854226,0.0,0.0,100,550,626
2019-09-05,1.1031531596511965,0.0,0.0,100,552,701
2019-09-06,1.098122608025187,0.0,0.0,100,556,928
2019-09-09,1.0852678299601257,0.0,0.0,100,560,1241
2019-09-10,1.0677810046860141,0.0,0.0,100,562,1272
2019-09-11,1.0769048024069816,0.0,0.0,100,566,1363
2019-09-12,1.0814457244353881,0.0,0.0,100,574,1304
2019-09-13,1.075869513934531,0.0,0.0,100,580,1357
2019-09-16,1.0737398094382293,0.0,0.0,100,586,1383
2019-09-17,1.0753277808887847,0.0,0.0,100,588,1409
2019-09-18,1.0748400161115463,0.0,0.0,100,590,1527
2019-09-19,1.0801674773174106,0.0,0.0,100,590,1604
2019-09-20,1.0823845977083424,0.0,0.0,100,590,1554
2019-09-23,1.0789528960777501,0.0,0.0,100,594,1440
2019-09-24,1.074828488305429,0.0,0.0,100,598,1439
2019-09-25,1.0661215744151307,0.0,0.0,100,602,1330
2019-09-26,1.0637468232431473,0.0,0.0,100,604,1380
2019-09-27,1.063091371943786,0.0,0.0,100,610,1459
2019-09-30,1.0652825688087921,0.0,0.0,100,612,1486
2019-10-01,1.0572640763774253,0.0,0.0,100,612,1411
2019-10-02,1.042010429036,0.0,0.0,100,614,1221
2019-10-03,1.0401150359774498,0.0,0.0,100,618,1044
2019-10-04,1.0505594516282177,0.0,0.0,100,620,1068
2019-10-07,1.056759512994911,0.0,0.0,100,622,1112
2019-10-08,1.0489870231289968,0.0,0.0,100,624,1035
2019-10-09,1.0503638127192505,0.0,0.0,100,626,992
2019-10-10,1.0511781071698882,0.0,0.0,100,626,900
2019-10-11,1.060741553474056,0.0,0.0,100,630,1031
2019-10-14,1.0610318577462086,0.0,0.0,100,634,974
2019-10-15,1.068163257907823,0.0,0.0,100,646,1073
2019-10-16,1.0718072634148466,0.0,0.0,100,652,939
2019-10-17,1.0747360835937088,0.0,0.0,100,654,901
2019-10-18,1.0698899680953429,0.0,0.0,100,656,809
2019-10-21,1.0702837785634685,0.0,0.0,100,658,909
2019-10-22,1.0667642676407505,0.0,0.0,100,662,873
2019-10-23,1.0598091592297016,0.0,0.0,100,664,939
2019-10-24,1.0687010940683903,0.0,0.0,100,666,934
2019-10-25,1.0698306508654256,0.0,0.0,100,666,966
2019-10-28,1.0733176952861927,0.0,0.0,100,666,1033
2019-10-29,1.0818707661412905,0.0,0.0,100,668,1089
2019-10-30,1.0787816299375466,0.0,0.0,100,670,1110
2019-10-31,1.072009558458128,0.0,0.0,100,670,1077
2019-11-01,1.0757065043203322,0.0,0.0,100,672,1190
2019-11-04,1.0843376777920115,0.0,0.0,100,674,1257
2019-11-05,1.078722698588048,0.0,0.0,100,676,1297
2019-11-06,1.076705457165836,0.0,0.0,100,676,1459
2019-11-07,1.0803882742252398,0.0,0.0,100,678,1521
2019-11-08,1.0811317627195365,0.0,0.0,100,678,1444
2019-11-11,1.0826591781321862,0.0,0.0,100,682,1448
2019-11-12,1.0813809139532837,0.0,0.0,100,684,1501
2019-11-13,1.0814782323245409,0.0,0.0,100,684,1460
2019-11-14,1.084577174332442,0.0,0.0,100,684,1423
2019-11-15,1.0990829815194552,0.0,0.0,100,686,1389
2019-11-18,1.1198226752928824,0.0,0.0,100,686,1414
2019-11-19,1.1155530957650956,0.0,0.0,100,686,1318
2019-11-20,1.105147387371078,0.0,0.0,100,686,1255
2019-11-21,1.0984789623697773,0.0,0.0,100,688,1233
2019-11-22,1.106284886612918,0.0,0.0,100,692,1290
2019-11-25,1.1125765864649395,0.0,0.0,100,692,1318
2019-11-26,1.1204500632195715,0.0,0.0,100,694,1369
2019-11-27,1.1233638821850702,0.0,0.0,100,696,1383
2019-11-28,1.1273671227523074,0.0,0.0,100,700,1324
2019-11-29,1.1282087832971148,0.0,0.0,100,706,1283
2019-12-02,1.121680299724104,0.0,0.0,100,706,1167
2019-12-03,1.1129667152352933,0.0,0.0,100,710,1037
2019-12-04,1.1227260081801778,0.0,0.0,100,714,1113
2019-12-05,1.1194604050550352,0.0,0.0,100,716,1206
2019-12-06,1.1258298639538153,0.0,0.0,100,718,1227
2019-12-09,1.128206420460121,0.0,0.0,100,718,1127
2019-12-10,1.1194389058853111,0.0,0.0,100,718,1058
2019-12-11,1.1186416174181761,0.0,0.0,100,720,1063
2019-12-12,1.1203249262130641,0.0,0.0,100,720,1020
2019-12-13,1.1337614282942334,0.0,0.0,100,720,1149
2019-12-16,1.1467985724495147,0.0,0.0,100,720,1255
2019-12-17,1.1460286458032212,0.0,0.0,100,722,1217
2019-12-18,1.1429290230196651,0.0,0.0,100,726,1232
2019-12-19,1.1419729824743776,0.0,0.0,100,730,1309
2019-12-20,1.1497401494061643,0.0,0.0,100,730,1283
2019-12-23,1.1532639040562551,0.0,0.0,100,736,1287
2019-12-24,1.1596080022843536,0.0,0.0,100,738,1296
2019-12-25,1.1587343574029885,0.0,0.0,100,740,1315
2019-12-26,1.160450495037025,0.0,0.0,100,742,1393
2019-12-27,1.1646692408449177,0.0,0.0,100,746,1385
2019-12-30,1.1614442759642314,0.0,0.0,100,746,1201
2019-12-31,1.1586101379445437,0.0,0.0,100,748,1119
2020-01-02,1.167659308178194,0.0,0.0,100,748,1164
2020-01-03,1.1600375692779084,0.0,0.0,100,748,1129
2020-01-06,1.1506107396655876,0.0,0.0,100,754,1077
2020-01-07,1.15519585487404,0.0,0.0,100,758,1206
2020-01-08,1.1508088232677713,0.0,0.0,100,760,1250
2020-01-09,1.1676158315120562,0.0,0.0,100,760,1310
2020-01-10,1.1719132882102812,0.0,0.0,100,762,1268
2020-01-13,1.175353868223154,0.0,0.0,100,764,1209
2020-01-14,1.1710509076369306,0.0,0.0,100,764,1208
2020-01-15,1.1713607776738455,0.0,0.0,100,766,1207
2020-01-16,1.1704833980193654,0.0,0.0,100,766,1238
2020-01-17,1.177005930044446,0.0,0.0,100,766,1238
2020-01-20,1.1767771023042828,0.0,0.0,100,768,1149
2020-01-21,1.1683825715977212,0.0,0.0,100,776,1010
2020-01-22,1.1703874527057696,0.0,0.0,100,780,1031
2020-01-23,1.157686725674395,0.0,0.0,100,788,997
2020-01-24,1.160801647145025,0.0,0.0,100,792,1004
2020-01-27,1.1319700602702893,0.0,0.0,100,796,787
2020-01-28,1.142260951958802,0.0,0.0,100,804,815
2020-01-29,1.145020581802819,0.0,0.0,100,810,828
2020-01-30,1.1209712504681155,0.0,0.0,100,812,738
2020-01-31,1.1165954858528562,0.0,0.0,100,818,671
2020-02-03,1.1244497737455925,0.0,0.0,100,824,680
2020-02-04,1.154569742181642,0.0,0.0,100,830,826
2020-02-05,1.1563926691264752,0.0,0.0,100,834,959
2020-02-06,1.1614719963306948,0.0,0.0,100,840,981
2020-02-07,1.1586759351354567,0.0,0.0,100,842,964
2020-02-10,1.1633230718790981,0.0,0.0,100,846,1018
2020-02-11,1.179196354875458,0.0,0.0,100,852,1023
2020-02-12,1.1837965964709705,0.0,0.0,100,856,1077
2020-02-13,1.1906717458974045,0.0,0.0,100,858,980
2020-02-14,1.1951574957190483,0.0,0.0,100,864,990
2020-02-17,1.2170203363017897,0.0,0.0,100,868,978
2020-02-18,1.2128007237099283,0.0,0.0,100,872,896
2020-02-19,1.2216436441212464,0.0,0.0,100,878,972
2020-02-20,1.2014591837675952,0.0,0.0,100,878,933
2020-02-21,1.1993173023749346,0.0,0.0,100,878,819
2020-02-24,1.162124323664174,0.0,0.0,100,886,593
2020-02-25,1.1439556393624442,0.0,0.0,100,892,435
2020-02-26,1.1223004067222562,0.0,0.0,100,896,374
2020-02-27,1.0739519469758407,0.0,0.0,100,906,262
2020-02-28,1.0458569246524376,0.0,0.0,100,922,168
2020-03-02,1.0608250155992665,0.0,0.0,100,938,257
2020-03-03,1.0784544441380413,0.0,0.0,100,938,262
2020-03-04,1.0693023044184482,0.0,0.0,100,942,330
2020-03-05,1.0675522175927379,0.0,0.0,100,944,315
2020-03-06,1.0393918770421118,0.0,0.0,100,956,241
2020-03-09,0.9795555805745624,0.0,0.0,100,958,118
2020-03-10,0.9756131225485011,0.0,0.0,100,992,114
2020-03-11,0.9516749309616733,0.0,0.0,100,1008,81
2020-03-12,0.8753273421593532,0.0,0.0,100,1038,36
2020-03-13,0.8824913248278604,0.1527931278762106,0.17313839080062865,80,1066,43
2020-03-16,0.8654107156066405,0.15197537748173673,0.17561069529304843,81,1083,38
2020-03-17,0.87766013322307,0.2587807696181003,0.2948530528187127,68,1106,51
2020-03-18,0.8793412342039089,0.24153074809542488,0.27467237825380625,71,1123,48
2020-03-19,0.8656240836129764,0.23746252113851882,0.2743252245794598,71,1131,55
2020-03-20,0.8499077681888281,0.12799830186988898,0.15060257908061733,84,1146,53
2020-03-23,0.8652742154178221,0.1343721344727699,0.15529427790458836,82,1156,50
2020-03-24,0.8607511020314781,0.16324959359090857,0.18965946509463597,79,1165,57
2020-03-25,0.8620321923554878,0.12387296850018893,0.14369877319976673,84,1174,62
2020-03-26,0.8720739284541251,0.10757761752842353,0.12335836907671363,89,1183,81
2020-03-27,0.8840180093921375,0.0,0.0,100,1196,97
2020-03-30,0.8998526620479479,0.0,0.0,100,1198,125
2020-03-31,0.8871150933304794,0.0,0.0,100,1206,154
2020-04-01,0.8934250886080957,0.0,0.0,100,1210,127
2020-04-02,0.8886867458264618,0.0,0.0,100,1210,167
2020-04-03,0.892074063959021,0.0,0.0,100,1212,211
2020-04-06,0.9064926107271012,0.0,0.0,100,1212,234
2020-04-07,0.8955787575458489,0.0,0.0,100,1214,237
2020-04-08,0.9042402963842487,0.0,0.0,100,1214,250
2020-04-09,0.9178707969879477,0.0,0.0,100,1216,289
2020-04-10,0.9210281113374843,0.0,0.0,100,1216,425
2020-04-13,0.92558101084257,0.0,0.0,100,1218,813
2020-04-14,0.9576270458451642,0.0,0.0,100,1218,871
2020-04-15,0.9692363832347897,0.0,0.0,100,1218,832
2020-04-16,0.9945704859636418,0.0,0.0,100,1218,1488
2020-04-17,0.983867264898631,0.0,0.0,100,1224,1522
2020-04-20,0.9887818013135962,0.0,0.0,100,1234,1858
2020-04-21,0.9705261907283097,0.0,0.0,100,1236,1682
2020-04-22,0.9830879898923439,0.0,0.0,100,1238,1780
2020-04-23,0.9877626695101296,0.0,0.0,100,1238,1820
2020-04-24,0.9917462371670348,0.0,0.0,100,1240,1783
2020-04-27,1.000787479599453,0.0,0.0,100,1242,1916
2020-04-28,0.9931590577793716,0.0,0.0,100,1244,1791
2020-04-29,0.9914428257507056,0.0,0.0,100,1244,1645
2020-04-30,0.9784163391810519,0.0,0.0,100,1244,1587
2020-05-01,0.977541327758123,0.0,0.0,100,1248,1511
2020-05-04,0.988272871048093,0.0,0.0,100,1250,1442
2020-05-05,0.9994360420640166,0.0,0.0,100,1252,1500
2020-05-06,1.0072289680279405,0.0,0.0,100,1252,1702
2020-05-07,1.0200815239435421,0.0,0.0,100,1252,1727
2020-05-08,1.026105044686791,0.0,0.0,100,1252,1859
2020-05-11,1.0629309447231454,0.0,0.0,100,1252,1709
2020-05-12,1.0751697505384863,0.0,0.0,100,1256,1491
2020-05-13,1.0768869430460497,0.0,0.0,100,1260,1291
2020-05-14,1.0529979357386767,0.0,0.0,100,1262,1021
2020-05-15,1.068018300736828,0.0,0.0,100,1264,1066
2020-05-18,1.0821873739671015,0.0,0.0,100,1270,1353
2020-05-19,1.080047052395437,0.0,0.0,100,1270,1282
2020-05-20,1.094323778981861,0.0,0.0,100,1274,1522
2020-05-21,1.0876817945489328,0.0,0.0,100,1274,1465
2020-05-22,1.0930734999554057,0.0,0.0,100,1276,1325
2020-05-25,1.0916533032817926,0.0,0.0,100,1282,1448
2020-05-26,1.0726392466332217,0.0,0.0,100,1282,1731
2020-05-27,1.065893605241447,0.0,0.0,100,1284,1735
2020-05-28,1.0696795003910535,0.0,0.0,100,1290,1764
2020-05-29,1.095586661238624,0.0,0.0,100,1292,1754
2020-06-01,1.1037440863902745,0.0,0.0,100,1294,1698
2020-06-02,1.1038178276348487,0.0,0.0,100,1296,1732
2020-06-03,1.095815202835254,0.0,0.0,100,1302,1735
2020-06-04,1.0882699891928984,0.0,0.0,100,1306,1820
2020-06-05,1.0811123488092957,0.0,0.0,100,1306,1952
2020-06-08,1.072265232417575,0.0,0.0,100,1308,1978
2020-06-09,1.0707483680902663,0.0,0.0,100,1310,1932
2020-06-10,1.0880771328971262,0.0,0.0,100,1316,1935
2020-06-11,1.0659000900270246,0.0,0.0,100,1316,1733
2020-06-12,1.0664070397628265,0.0,0.0,100,1318,1632
2020-06-15,1.0795814013172345,0.0,0.0,100,1318,1491
2020-06-16,1.0932914867178682,0.0,0.0,100,1322,1794
2020-06-17,1.0982662345229195,0.0,0.0,100,1324,1846
2020-06-18,1.10673464997128,0.0,0.0,100,1324,1918
2020-06-19,1.1143308519826718,0.0,0.0,100,1324,1895
2020-06-22,1.1202868993588573,0.0,0.0,100,1326,1770
2020-06-23,1.1209761045223126,0.0,0.0,100,1330,1788
2020-06-24,1.107244385665706,0.0,0.0,100,1332,1534
2020-06-25,1.119803683730607,0.0,0.0,100,1332,1532
2020-06-26,1.1118055904722217,0.0,0.0,100,1336,1519
2020-06-29,1.1145184721365982,0.0,0.0,100,1338,1369
2020-06-30,1.1248105923313343,0.0,0.0,100,1346,1249
2020-07-01,1.1300652139173866,0.0,0.0,100,1346,1057
2020-07-02,1.145643658722405,0.0,0.0,100,1350,1077
2020-07-03,1.1489991138055045,0.0,0.0,100,1350,1122
2020-07-06,1.1710988967762477,0.0,0.0,100,1358,1201
2020-07-07,1.1976684249001344,0.0,0.0,100,1358,962
2020-07-08,1.2044485798221767,0.0,0.0,100,1362,732
2020-07-09,1.2287372300940327,0.0,0.0,100,1368,686
2020-07-10,1.2253969055095306,0.0,0.0,100,1372,612
2020-07-13,1.2323826743396304,0.0,0.0,100,1376,660
2020-07-14,1.2376571269342536,0.0,0.0,100,1376,701
2020-07-15,1.2364452069661152,0.0,0.0,100,1380,865
2020-07-16,1.2352954877955722,0.0,0.0,100,1382,1223
2020-07-17,1.2327894787096172,0.0,0.0,100,1384,1197
2020-07-20,1.2705974250362153,0.0,0.0,100,1386,1308
2020-07-21,1.2665018326966446,0.0,0.0,100,1386,1065
2020-07-22,1.2672830301281592,0.0,0.0,100,1388,1080
2020-07-23,1.2451638419840143,0.0,0.0,100,1390,1067
2020-07-24,1.2213320190501478,0.0,0.0,100,1392,959
2020-07-27,1.2352236619040171,0.0,0.0,100,1396,995
2020-07-28,1.2333365231710685,0.0,0.0,100,1398,898
2020-07-29,1.2314274665140843,0.0,0.0,100,1398,1102
2020-07-30,1.2287555691144632,0.0,0.0,100,1402,1009
2020-07-31,1.2190490094852553,0.0,0.0,100,1406,965
2020-08-03,1.263732304262609,0.0,0.0,100,1412,1030
2020-08-04,1.2745385864477685,0.0,0.0,100,1412,1096
2020-08-05,1.2851342996071613,0.0,0.0,100,1414,1196
2020-08-06,1.2810339634231431,0.0,0.0,100,1416,1061
2020-08-07,1.2723458152003861,0.0,0.0,100,1418,1088
2020-08-10,1.271899607766987,0.0,0.0,100,1420,962
2020-08-11,1.2369904096099889,0.0,0.0,100,1428,1184
2020-08-12,1.2174498337654696,0.0,0.0,100,1434,1343
2020-08-13,1.2408485116375791,0.0,0.0,100,1436,1429
2020-08-14,1.2423940531689257,0.0,0.0,100,1438,1372
2020-08-17,1.2775014497841972,0.0,0.0,100,1442,1204
2020-08-18,1.2781058084049801,0.0,0.0,100,1450,1232
2020-08-19,1.280377506168337,0.0,0.0,100,1454,1078
2020-08-20,1.2820655338914115,0.0,0.0,100,1456,1041
2020-08-21,1.2726478870426323,0.0,0.0,100,1462,1035
2020-08-24,1.2661386252081597,0.0,0.0,100,1464,1101
2020-08-25,1.2678211445398848,0.0,0.0,100,1470,1064
2020-08-26,1.2658875129645337,0.0,0.0,100,1476,1155
2020-08-27,1.2575687024297653,0.0,0.0,100,1482,1111
2020-08-28,1.2581008766724018,0.0,0.0,100,1482,1191
2020-08-31,1.2716325894636389,0.0,0.0,100,1482,1171
2020-09-01,1.299217804237917,0.0,0.0,100,1492,1187
2020-09-02,1.2870671194844476,0.0,0.0,100,1496,1312
2020-09-03,1.233741209189087,0.0,0.0,100,1498,1344
2020-09-04,1.22815780183621,0.0,0.0,100,1498,1356
2020-09-07,1.2439652360014994,0.0,0.0,100,1504,1316
2020-09-08,1.2297145612458846,0.0,0.0,100,1508,1162
2020-09-09,1.2572651149796128,0.0,0.0,100,1520,1168
2020-09-10,1.250693333571683,0.0,0.0,100,1522,1204
2020-09-11,1.2532725700064102,0.0,0.0,100,1530,1160
2020-09-14,1.2768470872555526,0.0,0.0,100,1530,1221
2020-09-15,1.2843388363812747,0.0,0.0,100,1534,1112
2020-09-16,1.294189042821676,0.0,0.0,100,1536,1051
2020-09-17,1.289366889198087,0.0,0.0,100,1538,966
2020-09-18,1.3086213496658239,0.0,0.0,100,1540,988
2020-09-21,1.2772541584729458,0.0,0.0,100,1540,803
2020-09-22,1.2864217137483596,0.0,0.0,100,1546,867
2020-09-23,1.2851445778150172,0.0,0.0,100,1552,809
2020-09-24,1.2549362911751347,0.0,0.0,100,1554,764
2020-09-25,1.2760677985770998,0.0,0.0,100,1558,811
2020-09-28,1.2882294913672137,0.0,0.0,100,1558,901
2020-09-29,1.296128363677557,0.0,0.0,100,1562,814
2020-09-30,1.3085940111595848,0.0,0.0,100,1564,732
2020-10-01,1.3247834723694711,0.0,0.0,100,1566,810
2020-10-02,1.3136544746491123,0.0,0.0,100,1568,771
2020-10-05,1.3541395577011675,0.0,0.0,100,1572,939
2020-10-06,1.3452916036111364,0.0,0.0,100,1576,961
2020-10-07,1.351099594673152,0.0,0.0,100,1582,924
2020-10-08,1.3434953969456134,0.0,0.0,100,1584,1165
2020-10-09,1.3621563823915146,0.0,0.0,100,1588,1284
2020-10-12,1.3675537402876976,0.0,0.0,100,1590,1217
2020-10-13,1.3580451313363076,0.0,0.0,100,1590,1209
2020-10-14,1.3603293742510296,0.0,0.0,100,1594,1135
2020-10-15,1.3628199937116472,0.0,0.0,100,1594,1040
2020-10-16,1.375601062027784,0.0,0.0,100,1598,1024
2020-10-19,1.3675754761481473,0.0,0.0,100,1602,952
2020-10-20,1.3695650985377046,0.0,0.0,100,1604,909
2020-10-21,1.3521264657911416,0.0,0.0,100,1608,867
2020-10-22,1.3585048931756647,0.0,0.0,100,1610,900
2020-10-23,1.369639854266747,0.0,0.0,100,1618,989
2020-10-26,1.3437121868200421,0.0,0.0,100,1622,1065
2020-10-27,1.3273435911612297,0.0,0.0,100,1626,954
2020-10-28,1.3030225826658721,0.0,0.0,100,1628,786
2020-10-29,1.3015985927572546,0.0,0.0,100,1636,853
2020-10-30,1.27204090472179,0.0,0.0,100,1640,756
2020-11-02,1.293278760576669,0.0,0.0,100,1646,703
2020-11-03,1.3034574090476316,0.0,0.0,100,1648,858
2020-11-04,1.3330847299451476,0.0,0.0,100,1652,1065
2020-11-05,1.385363948214678,0.0,0.0,100,1652,1151
2020-11-06,1.402152707603624,0.0,0.0,100,1656,1215
2020-11-09,1.369552813249072,0.0,0.0,100,1662,1304
2020-11-10,1.333277178701437,0.0,0.0,100,1670,1378
2020-11-11,1.3586949116796756,0.0,0.0,100,1680,1482
2020-11-12,1.381833389090345,0.0,0.0,100,1684,1362
2020-11-13,1.387865462855273,0.0,0.0,100,1688,1358
2020-11-16,1.3965816277209588,0.0,0.0,100,1692,1433
2020-11-17,1.4017760468543945,0.0,0.0,100,1694,1435
2020-11-18,1.395498407282973,0.0,0.0,100,1696,1446
2020-11-19,1.3944547815968504,0.0,0.0,100,1698,1524
2020-11-20,1.4029370776962504,0.0,0.0,100,1698,1561
2020-11-23,1.427628547681047,0.0,0.0,100,1702,1577
2020-11-24,1.424745804079714,0.0,0.0,100,1708,1662
2020-11-25,1.4169015329147787,0.0,0.0,100,1712,1671
2020-11-26,1.419991320320857,0.0,0.0,100,1718,1710
2020-11-27,1.4370513746743911,0.0,0.0,100,1718,1696
2020-11-30,1.4129980312295183,0.0,0.0,100,1720,1709
2020-12-01,1.4267975150065737,0.0,0.0,100,1720,1823
2020-12-02,1.4224392070763936,0.0,0.0,100,1720,1918
2020-12-03,1.4212194073038902,0.0,0.0,100,1722,1918
2020-12-04,1.420484846418317,0.0,0.0,100,1724,1988
2020-12-07,1.4243330015096853,0.0,0.0,100,1726,1890
2020-12-08,1.43014197163964,0.0,0.0,100,1730,1850
2020-12-09,1.431469857368001,0.0,0.0,100,1730,1771
2020-12-10,1.4246010317380364,0.0,0.0,100,1730,1695
2020-12-11,1.452752608751572,0.0,0.0,100,1734,1668
2020-12-14,1.4585184334550139,0.0,0.0,100,1734,1589
2020-12-15,1.4478800085935462,0.0,0.0,100,1740,1586
2020-12-16,1.4749855203419284,0.0,0.0,100,1742,1519
2020-12-17,1.4998572700541064,0.0,0.0,100,1746,1598
2020-12-18,1.532743810526122,0.0,0.0,100,1750,1617
2020-12-21,1.5282929576655981,0.0,0.0,100,1754,1334
2020-12-22,1.5692679432312062,0.0,0.0,100,1756,1331
2020-12-23,1.5966593916019916,0.0,0.0,100,1764,1417
2020-12-24,1.6211803592831673,0.0,0.0,100,1768,1484
2020-12-25,1.6223517861315386,0.0,0.0,100,1770,1449
2020-12-28,1.632147816942698,0.0,0.0,100,1772,1432
2020-12-29,1.6297738121271657,0.0,0.0,100,1778,1348
2020-12-30,1.6264568540521562,0.0,0.0,100,1778,1320
2020-12-31,1.6123776918241814,0.0,0.0,100,1782,1272
2021-01-04,1.6319210931671908,0.0,0.0,100,1784,1203
2021-01-05,1.6560381926693688,0.0,0.0,100,1792,1423
2021-01-06,1.6806815630729883,0.0,0.0,100,1798,1427
2021-01-07,1.723866168453904,0.0,0.0,100,1798,1525
2021-01-08,1.7461935850590622,0.0,0.0,100,1798,1553
2021-01-11,1.7343080767115315,0.0,0.0,100,1802,1456
2021-01-12,1.7295020645271408,0.0,0.0,100,1804,1518
2021-01-13,1.730394073483738,0.0,0.0,100,1806,1509
2021-01-14,1.7683723870449717,0.0,0.0,100,1806,1556
2021-01-15,1.783461209562865,0.0,0.0,100,1808,1511
2021-01-18,1.8325425978061836,0.0,0.0,100,1816,1499
2021-01-19,1.8535505254624438,0.0,0.0,100,1816,1485
2021-01-20,1.8706475528635873,0.0,0.0,100,1822,1548
2021-01-21,1.8599287728719531,0.0,0.0,100,1822,1486
2021-01-22,1.8631458324759265,0.0,0.0,100,1826,1403
2021-01-25,1.8503016765465876,0.0,0.0,100,1832,1367
2021-01-26,1.9099835800595775,0.0,0.0,100,1834,1519
2021-01-27,1.8975120260241167,0.0,0.0,100,1838,1370
2021-01-28,1.8716609807798301,0.0,0.0,100,1840,1352
2021-01-29,1.821297825645676,0.0,0.0,100,1844,1132
2021-02-01,1.8354276866572654,0.0,0.0,100,1846,1287
2021-02-02,1.8647654714442914,0.0,0.0,100,1848,1436
2021-02-03,1.9005847122585209,0.0,0.0,100,1850,1424
2021-02-04,1.9045612784731465,0.0,0.0,100,1850,1481
2021-02-05,1.9523960375210996,0.0,0.0,100,1852,1618
2021-02-08,2.009190137868922,0.0,0.0,100,1854,1696
2021-02-09,2.0218177687089343,0.0,0.0,100,1854,1658
2021-02-10,2.001552593754249,0.0,0.0,100,1856,1473
2021-02-11,2.016153129869125,0.0,0.0,100,1860,1408
2021-02-12,2.0148740410802155,0.0,0.0,100,1862,1388
2021-02-15,2.0496274752624974,0.0,0.0,100,1870,1543
2021-02-16,2.098444209551538,0.0,0.0,100,1870,1543
2021-02-17,2.1097681147677454,0.0,0.0,100,1874,1478
2021-02-18,1.9957178341289192,0.0,0.0,100,1880,1326
2021-02-19,2.053793082303559,0.0,0.0,100,1884,1470
2021-02-22,1.9979052950576497,0.0,0.0,100,1884,1438
2021-02-23,1.9169725610858381,0.0,0.0,100,1890,1369
2021-02-24,1.9471091376792362,0.0,0.0,100,1900,1327
2021-02-25,1.8822206848897929,0.0,0.0,100,1908,1281
2021-02-26,1.8772528320728368,0.0,0.0,100,1918,1181
2021-03-01,1.9487694332328565,0.0,0.0,100,1926,1436
2021-03-02,1.9313533538285217,0.0,0.0,100,1934,1389
2021-03-03,1.9028638401315099,0.0,0.0,100,1942,1483
2021-03-04,1.8128936875256254,0.0,0.0,100,1948,1359
2021-03-05,1.8117659171318827,0.0,0.0,100,1954,1487
2021-03-08,1.794573635782241,0.0,0.0,100,1958,1445
2021-03-09,1.8754099288263824,0.0,0.0,100,1966,1421
2021-03-10,1.865792539779691,0.0,0.0,100,1972,1402
2021-03-11,1.919945859884092,0.0,0.0,100,1974,1439
2021-03-12,1.9541064845463594,0.0,0.0,100,1974,1406
2021-03-15,1.992909693909544,0.0,0.0,100,1980,1423
2021-03-16,1.9876432210250445,0.0,0.0,100,1990,1464
2021-03-17,2.0139671265174828,0.0,0.0,100,1998,1441
2021-03-18,1.9982765573439545,0.0,0.0,100,2004,1408
2021-03-19,1.9778382199585114,0.0,0.0,100,2008,1385
2021-03-22,1.9737278729494698,0.0,0.0,100,2010,1304
2021-03-23,1.9379313705174606,0.0,0.0,100,2014,1233
2021-03-24,1.8985360151332387,0.0,0.0,100,2034,1200
2021-03-25,1.8773259289135662,0.0,0.0,100,2048,1362
2021-03-26,1.9143367656558627,0.0,0.0,100,2050,1448
2021-03-29,1.9141039981908927,0.0,0.0,100,2054,1444
2021-03-30,1.9160039793232293,0.0,0.0,100,2060,1479
2021-03-31,1.9043265378025636,0.0,0.0,100,2060,1397
2021-04-01,1.9346748097557425,0.0,0.0,100,2068,1533
2021-04-02,1.9353541572672477,0.0,0.0,100,2068,1706
2021-04-05,1.9428836746142757,0.0,0.0,100,2070,1536
2021-04-06,1.9693540546750956,0.0,0.0,100,2072,1617
2021-04-07,1.9866800557741149,0.0,0.0,100,2076,1613
2021-04-08,2.0200429514695815,0.0,0.0,100,2080,1728
2021-04-09,2.016813189445234,0.0,0.0,100,2082,1717
2021-04-12,1.9948838350888705,0.0,0.0,100,2084,1592
2021-04-13,2.000600332774215,0.0,0.0,100,2096,1482
2021-04-14,1.9903169258271605,0.0,0.0,100,2100,1495
2021-04-15,1.9890371403158194,0.0,0.0,100,2102,1410
2021-04-16,1.9840573757010185,0.0,0.0,100,2106,1393
2021-04-19,1.9428851281109485,0.0,0.0,100,2110,1295
2021-04-20,1.927349295098668,0.0,0.0,100,2134,1090
2021-04-21,1.9196705775980893,0.0,0.0,100,2144,1116
2021-04-22,1.9205350772114493,0.0,0.0,100,2150,1210
2021-04-23,1.9130084266727074,0.0,0.0,100,2152,1249
2021-04-26,1.9370720866892417,0.0,0.0,100,2160,1346
2021-04-27,1.9445810044910972,0.0,0.0,100,2168,1396
2021-04-28,1.9344763670724785,0.0,0.0,100,2172,1456
2021-04-29,1.9415100458310586,0.0,0.0,100,2172,1430
2021-04-30,1.9570804639908317,0.0,0.0,100,2172,1315
2021-05-03,1.9651388584513954,0.0,0.0,100,2174,1373
2021-05-04,1.941895953342426,0.0,0.0,100,2174,1242
2021-05-05,1.972926512801203,0.0,0.0,100,2178,1332
2021-05-06,1.9655421800887853,0.0,0.0,100,2180,1280
2021-05-07,1.9764145644378566,0.0,0.0,100,2184,1364
2021-05-10,1.9802856923598005,0.0,0.0,100,2188,1321
2021-05-11,1.935831516481039,0.0,0.0,100,2190,1074
2021-05-12,1.8949874659257195,0.0,0.0,100,2198,941
2021-05-13,1.8698297185911175,0.0,0.0,100,2202,895
2021-05-14,1.906447741905638,0.0,0.0,100,2210,1031
2021-05-17,1.9080202972041007,0.0,0.0,100,2212,1047
2021-05-18,1.9165418857239962,0.0,0.0,100,2220,1054
2021-05-19,1.9020510302701,0.0,0.0,100,2230,936
2021-05-20,1.9377419340250215,0.0,0.0,100,2234,967
2021-05-21,1.930369495691115,0.0,0.0,100,2234,936
2021-05-24,1.9251870224054946,0.0,0.0,100,2234,1031
2021-05-25,1.9583017149241542,0.0,0.0,100,2240,1197
2021-05-26,1.9714998842585085,0.0,0.0,100,2242,1226
2021-05-27,1.9789368031642698,0.0,0.0,100,2244,1135
2021-05-28,1.9820406836949154,0.0,0.0,100,2248,1219
2021-05-31,1.9863237307196677,0.0,0.0,100,2250,1086
2021-06-01,2.011735035428315,0.0,0.0,100,2252,1177
2021-06-02,2.0115929677462305,0.0,0.0,100,2256,1228
2021-06-03,2.0148757826530583,0.0,0.0,100,2262,1215
2021-06-04,2.0290412562770137,0.0,0.0,100,2262,1303
2021-06-07,2.048567391394432,0.0,0.0,100,2264,1274
2021-06-08,2.0522263160059713,0.0,0.0,100,2268,1358
2021-06-09,2.0413147884317797,0.0,0.0,100,2272,1245
2021-06-10,2.0523691024271606,0.0,0.0,100,2274,1246
2021-06-11,2.0879111595491673,0.0,0.0,100,2274,1198
2021-06-14,2.083292003838244,0.0,0.0,100,2276,1206
2021-06-15,2.0699909170237367,0.0,0.0,100,2276,1393
2021-06-16,2.08065951818488,0.0,0.0,100,2282,1504
2021-06-17,2.0621192486798714,0.0,0.0,100,2286,1485
2021-06-18,2.0526335916679153,0.0,0.0,100,2294,1200
2021-06-21,2.062935448265916,0.0,0.0,100,2302,1208
2021-06-22,2.08586466769212,0.0,0.0,100,2308,1269
2021-06-23,2.103565248800847,0.0,0.0,100,2316,1344
2021-06-24,2.1147107933542446,0.0,0.0,100,2316,1278
2021-06-25,2.1215319327314233,0.0,0.0,100,2318,1341
2021-06-28,2.1241218525860637,0.0,0.0,100,2320,1238
2021-06-29,2.1215664238828675,0.0,0.0,100,2324,1225
2021-06-30,2.1213299250667585,0.0,0.0,100,2324,1160
2021-07-01,2.1196789754534566,0.0,0.0,100,2330,1198
2021-07-02,2.100405585953124,0.0,0.0,100,2334,1162
2021-07-05,2.111391213476426,0.0,0.0,100,2338,1243
2021-07-06,2.0979626194372596,0.0,0.0,100,2342,1100
2021-07-07,2.0719615847898307,0.0,0.0,100,2348,1048
2021-07-08,2.049023699934776,0.0,0.0,100,2350,909
2021-07-09,2.0692229830160063,0.0,0.0,100,2354,915
2021-07-12,2.0706175000864677,0.0,0.0,100,2356,995
2021-07-13,2.075224681215834,0.0,0.0,100,2362,1014
2021-07-14,2.068590735410227,0.0,0.0,100,2368,1011
2021-07-15,2.0597594587052006,0.0,0.0,100,2374,900
2021-07-16,2.041043644711166,0.0,0.0,100,2380,829
2021-07-19,1.9883951539419862,0.0,0.0,100,2388,639
2021-07-20,2.0195387718068463,0.0,0.0,100,2396,688
2021-07-21,2.0540635504069478,0.0,0.0,100,2402,796
2021-07-22,2.068974096848076,0.0,0.0,100,2402,899
2021-07-23,2.0782031095013265,0.0,0.0,100,2406,1101
2021-07-26,2.0969710094215888,0.0,0.0,100,2410,1179
2021-07-27,2.090696514059433,0.0,0.0,100,2414,1030
2021-07-28,2.115809524359032,0.0,0.0,100,2420,1061
2021-07-29,2.139196869425516,0.0,0.0,100,2422,1077
2021-07-30,2.1537519331177832,0.0,0.0,100,2426,937
2021-08-02,2.161045190724758,0.0,0.0,100,2426,1092
2021-08-03,2.1711982727878643,0.0,0.0,100,2428,1109
2021-08-04,2.194006519650984,0.0,0.0,100,2432,1103
2021-08-05,2.211869008934265,0.0,0.0,100,2444,1112
2021-08-06,2.216215746049837,0.0,0.0,100,2444,1068
2021-08-09,2.2395806607952236,0.0,0.0,100,2448,1062
2021-08-10,2.245412100053879,0.0,0.0,100,2450,1176
2021-08-11,2.2467718876544174,0.0,0.0,100,2452,1261
2021-08-12,2.2739151098781836,0.0,0.0,100,2458,1391
2021-08-13,2.2681413310262344,0.0,0.0,100,2460,1335
2021-08-16,2.267513502234027,0.0,0.0,100,2460,1153
2021-08-17,2.228125557331811,0.0,0.0,100,2462,1086
2021-08-18,2.2299767895598825,0.0,0.0,100,2468,1133
2021-08-19,2.2005081564327766,0.0,0.0,100,2470,1108
2021-08-20,2.189438852937197,0.0,0.0,100,2470,1174
2021-08-23,2.237300202583604,0.0,0.0,100,2474,1442
2021-08-24,2.2603949953158384,0.0,0.0,100,2476,1470
2021-08-25,2.260592641420151,0.0,0.0,100,2476,1370
2021-08-26,2.2526456645476647,0.0,0.0,100,2476,1329
2021-08-27,2.2751594866274463,0.0,0.0,100,2480,1320
2021-08-30,2.2966436730859487,0.0,0.0,100,2480,1326
2021-08-31,2.2984183757771572,0.0,0.0,100,2480,1350
2021-09-01,2.309798893029834,0.0,0.0,100,2480,1357
2021-09-02,2.3352972123085847,0.0,0.0,100,2480,1357
2021-09-03,2.3824807486903934,0.0,0.0,100,2480,1453
2021-09-06,2.4076784450873143,0.0,0.0,100,2482,1387
2021-09-07,2.419695614650555,0.0,0.0,100,2484,1364
2021-09-08,2.3908454195927438,0.0,0.0,100,2486,1333
2021-09-09,2.385667299428563,0.0,0.0,100,2500,1246
2021-09-10,2.3874007176357335,0.0,0.0,100,2504,1218
2021-09-13,2.379667907905281,0.0,0.0,100,2504,1225
2021-09-14,2.356876989916221,0.0,0.0,100,2508,1178
2021-09-15,2.3572766358374566,0.0,0.0,100,2508,1074
2021-09-16,2.3865232940339904,0.0,0.0,100,2516,1066
2021-09-17,2.391964559998544,0.0,0.0,100,2520,1040
2021-09-20,2.2957770622548304,0.0,0.0,100,2522,974
2021-09-21,2.29577708392303,0.0,0.0,100,2526,1039
2021-09-22,2.3228242080247616,0.0,0.0,100,2528,1065
2021-09-23,2.349974312005594,0.0,0.0,100,2530,1327
2021-09-24,2.3368778915418575,0.0,0.0,100,2530,1279
2021-09-27,2.282002390711783,0.0,0.0,100,2538,1176
2021-09-28,2.219246513300514,0.0,0.0,100,2544,981
2021-09-29,2.1991574071759006,0.0,0.0,100,2554,912
2021-09-30,2.166085003521875,0.0,0.0,100,2566,896
2021-10-01,2.1551149070949767,0.0,0.0,100,2570,787
2021-10-04,2.105168363301314,0.0,0.0,100,2574,684
2021-10-05,2.140636580309309,0.0,0.0,100,2584,667
2021-10-06,2.1288577951444148,0.0,0.0,100,2592,603
2021-10-07,2.1305590625426367,0.0,0.0,100,2596,624
2021-10-08,2.145010060632596,0.0,0.0,100,2596,626
2021-10-11,2.1471914626990363,0.0,0.0,100,2608,636
2021-10-12,2.150486938675704,0.0,0.0,100,2614,645
2021-10-13,2.157604927646841,0.0,0.0,100,2618,684
2021-10-14,2.1930620746232354,0.0,0.0,100,2620,801
2021-10-15,2.2139439483923304,0.0,0.0,100,2620,890
2021-10-18,2.2138181623453574,0.0,0.0,100,2626,878
2021-10-19,2.2351642407278285,0.0,0.0,100,2630,933
2021-10-20,2.2264995086941854,0.0,0.0,100,2630,1011
2021-10-21,2.213626021314216,0.0,0.0,100,2630,964
2021-10-22,2.226604048435549,0.0,0.0,100,2642,1059
2021-10-25,2.263479391663774,0.0,0.0,100,2646,1219
2021-10-26,2.263938357360615,0.0,0.0,100,2646,1233
2021-10-27,2.2462881049574412,0.0,0.0,100,2646,1136
2021-10-28,2.2554425605063773,0.0,0.0,100,2648,1077
2021-10-29,2.28989154094547,0.0,0.0,100,2654,1051
2021-11-01,2.3432346249370952,0.0,0.0,100,2658,1173
2021-11-02,2.35803248314154,0.0,0.0,100,2660,1300
2021-11-03,2.282016091732498,0.0,0.0,100,2662,1345
2021-11-04,2.248871361035753,0.0,0.0,100,2666,1463
2021-11-05,2.27719086160535,0.0,0.0,100,2670,1551
2021-11-08,2.2943261697466495,0.0,0.0,100,2674,1569
2021-11-09,2.2871278793800855,0.0,0.0,100,2676,1537
2021-11-10,2.2463467961168013,0.0,0.0,100,2684,1571
2021-11-11,2.272452506469242,0.0,0.0,100,2684,1529
2021-11-12,2.3108876083391974,0.0,0.0,100,2684,1540
2021-11-15,2.317586430607927,0.0,0.0,100,2688,1533
2021-11-16,2.245236424121477,0.0,0.0,100,2694,1513
2021-11-17,2.23305392629469,0.0,0.0,100,2698,1421
2021-11-18,2.172178717727344,0.0,0.0,100,2708,1266
2021-11-19,2.163084354255822,0.0,0.0,100,2710,1162
2021-11-22,2.1411041374493607,0.0,0.0,100,2716,1146
2021-11-23,2.125454845566274,0.0,0.0,100,2716,1056
2021-11-24,2.112146923926562,0.0,0.0,100,2720,1016
2021-11-25,2.1414441018326085,0.0,0.0,100,2722,1094
2021-11-26,2.043333852196391,0.0,0.0,100,2728,759
2021-11-29,2.1132430539155855,0.0,0.0,100,2736,785
2021-11-30,2.1016517712962037,0.0,0.0,100,2742,658
2021-12-01,2.081848357762638,0.0,0.0,100,2748,734
2021-12-02,2.0593984833999697,0.0,0.0,100,2752,670
2021-12-03,1.996797001193959,0.0,0.0,100,2760,659
2021-12-06,1.9581314468433317,0.0,0.0,100,2772,644
2021-12-07,2.02923882314702,0.0,0.0,100,2788,893
2021-12-08,2.0378045054642087,0.0,0.0,100,2792,862
2021-12-09,2.029464097800458,0.0,0.0,100,2794,746
2021-12-10,2.0096512761396985,0.0,0.0,100,2798,689
2021-12-13,1.9963976173195204,0.0,0.0,100,2800,647
2021-12-14,1.9555713576169502,0.0,0.0,100,2814,614
2021-12-15,1.9472218026891546,0.0,0.0,100,2828,648
2021-12-16,1.960779877768834,0.0,0.0,100,2834,685
2021-12-17,1.9417494452617852,0.0,0.0,100,2844,580
2021-12-20,1.9112040012152394,0.0,0.0,100,2848,440
2021-12-21,1.9237154692974623,0.0,0.0,100,2860,530
2021-12-22,1.9500336449116902,0.0,0.0,100,2862,650
2021-12-23,1.9571191970794148,0.0,0.0,100,2870,752
2021-12-24,1.9592410192449152,0.0,0.0,100,2874,794
2021-12-27,1.983229964440214,0.0,0.0,100,2874,838
2021-12-28,1.9725231807393555,0.0,0.0,100,2882,1003
2021-12-29,1.9805372613091066,0.0,0.0,100,2882,1027
2021-12-30,1.9838675763228726,0.0,0.0,100,2888,982
2021-12-31,1.9987821355364193,0.0,0.0,100,2892,1415
2022-01-03,1.9995373423579141,0.0,0.0,100,2902,1459
2022-01-04,1.9957598833413133,0.0,0.0,100,2906,1629
2022-01-05,1.962809201015217,0.0,0.0,100,2910,1587
2022-01-06,1.9181049475374927,0.0,0.0,100,2914,1470
2022-01-07,1.9106359911384874,0.0,0.0,100,2916,1417
2022-01-10,1.9039537161015756,0.0,0.0,100,2916,1236
2022-01-11,1.9184049144014943,0.0,0.0,100,2922,1051
2022-01-12,1.9461754732107326,0.0,0.0,100,2922,1157
2022-01-13,1.9351716446574114,0.0,0.0,100,2930,1162
2022-01-14,1.9323584919942534,0.0,0.0,100,2932,1102
2022-01-17,1.9231472196664647,0.0,0.0,100,2938,1174
2022-01-18,1.9127940104620094,0.0,0.0,100,2944,1117
2022-01-19,1.8947682694336365,0.0,0.0,100,2948,1041
2022-01-20,1.8905050566275732,0.0,0.0,100,2952,986
2022-01-21,1.8374595227739767,0.0,0.0,100,2958,906
2022-01-24,1.7783557132684242,0.0,0.0,100,2964,901
2022-01-25,1.7386435816982406,0.0,0.0,100,2984,734
2022-01-26,1.7611651510360302,0.0,0.0,100,2996,732
2022-01-27,1.7527000451023735,0.0,0.0,100,2998,634
2022-01-28,1.765527767910491,0.0,0.0,100,3002,666
2022-01-31,1.7907446841392078,0.0,0.0,100,3004,734
2022-02-01,1.8375988445569125,0.0,0.0,100,3004,729
2022-02-02,1.8550012485493492,0.0,0.0,100,3006,783
2022-02-03,1.8254938600652852,0.0,0.0,100,3006,744
2022-02-04,1.8346711197288965,0.0,0.0,100,3010,718
2022-02-07,1.8401815459238482,0.0,0.0,100,3016,716
2022-02-08,1.8185418502438797,0.0,0.0,100,3024,699
2022-02-09,1.842060926293752,0.0,0.0,100,3032,798
2022-02-10,1.8524840498373976,0.0,0.0,100,3032,899
2022-02-11,1.84791187614859,0.0,0.0,100,3032,834
2022-02-14,1.8015632514166293,0.0,0.0,100,3032,755
2022-02-15,1.798093639563932,0.0,0.0,100,3040,787
2022-02-16,1.802379024158646,0.0,0.0,100,3042,756
2022-02-17,1.7949386074016076,0.0,0.0,100,3042,686
2022-02-18,1.7753328196649445,0.0,0.0,100,3048,681
2022-02-21,1.7567899820727475,0.0,0.0,100,3048,583
2022-02-22,1.7416842724764248,0.0,0.0,100,3054,594
2022-02-23,1.7482720052584872,0.0,0.0,100,3060,645
2022-02-24,1.7118986876258409,0.0,0.0,100,3060,579
2022-02-25,1.7850017740968083,0.0,0.0,100,3074,853
2022-02-28,1.8279587582951478,0.0,0.0,100,3074,1113
2022-03-01,1.8399452364683544,0.0,0.0,100,3076,1039
2022-03-02,1.8385098371834716,0.0,0.0,100,3078,988
2022-03-03,1.8319645897019259,0.0,0.0,100,3082,1035
2022-03-04,1.830602101881627,0.0,0.0,100,3088,821
2022-03-07,1.8481103785652495,0.0,0.0,100,3094,628
2022-03-08,1.8922652026383797,0.0,0.0,100,3104,539
2022-03-09,1.8668298904560865,0.0,0.0,100,3108,560
2022-03-10,1.8863179217649753,0.0,0.0,100,3108,670
2022-03-11,1.898129382123324,0.0,0.0,100,3108,659
2022-03-14,1.855820149146029,0.0,0.0,100,3110,674
2022-03-15,1.8241360188142617,0.0,0.0,100,3110,666
2022-03-16,1.8403984614362332,0.0,0.0,100,3114,683
2022-03-17,1.899760762395326,0.0,0.0,100,3116,819
2022-03-18,1.9099954529432153,0.0,0.0,100,3116,977
2022-03-21,1.9992137279118944,0.0,0.0,100,3116,1120
2022-03-22,1.9856005509238308,0.0,0.0,100,3118,1117
2022-03-23,2.007521088486466,0.0,0.0,100,3118,1061
2022-03-24,2.0443990422937235,0.0,0.0,100,3120,1171
2022-03-25,2.0532692774334005,0.0,0.0,100,3120,1278
2022-03-28,2.0380798253170966,0.0,0.0,100,3120,1348
2022-03-29,2.006371109921817,0.0,0.0,100,3122,1556
2022-03-30,2.024154358104744,0.0,0.0,100,3122,1532
2022-03-31,2.060231434225771,0.0,0.0,100,3124,1572
2022-04-01,2.0378496193350295,0.0,0.0,100,3128,1363
2022-04-04,2.0595020383302534,0.0,0.0,100,3128,1368
2022-04-05,2.0462028133461874,0.0,0.0,100,3128,1450
2022-04-06,2.064496496860275,0.0,0.0,100,3130,1248
2022-04-07,2.0382554998757443,0.0,0.0,100,3140,1323
2022-04-08,2.06621551466812,0.0,0.0,100,3146,1610
2022-04-11,2.0419630200548466,0.0,0.0,100,3146,1768
2022-04-12,2.0698076003940424,0.0,0.0,100,3148,1815
2022-04-13,2.11231272509491,0.0,0.0,100,3150,1618
2022-04-14,2.119214568972091,0.0,0.0,100,3150,1617
2022-04-15,2.1215767565402666,0.0,0.0,100,3152,1588
2022-04-18,2.136156898219944,0.0,0.0,100,3152,1473
2022-04-19,2.160414528718255,0.0,0.0,100,3152,1497
2022-04-20,2.154958711755117,0.0,0.0,100,3154,1301
2022-04-21,2.1068491526430977,0.0,0.0,100,3156,1180
2022-04-22,2.0321629540441584,0.0,0.0,100,3160,871
2022-04-25,1.995333521378699,0.0,0.0,100,3166,731
2022-04-26,1.9762773596264525,0.0,0.0,100,3178,620
2022-04-27,1.997194181520835,0.0,0.0,100,3184,634
2022-04-28,2.0241472503668776,0.0,0.0,100,3186,714
2022-04-29,2.0262118422364783,0.0,0.0,100,3200,668
2022-05-02,2.019361936376995,0.0,0.0,100,3206,589
2022-05-03,2.033501314583268,0.0,0.0,100,3208,542
2022-05-04,2.0469224418622542,0.0,0.0,100,3210,595
2022-05-05,2.041782639545138,0.0,0.0,100,3214,612
2022-05-06,2.0198914261128644,0.0,0.0,100,3220,604
2022-05-09,1.8637173121231532,0.0,0.0,100,3226,426
2022-05-10,1.8666374234733756,0.0,0.0,100,3242,418
2022-05-11,1.8900628397060673,0.0,0.0,100,3254,493
2022-05-12,1.8578667443313812,0.0,0.0,100,3256,501
2022-05-13,1.8756993998108764,0.0,0.0,100,3264,599
2022-05-16,1.971062157728097,0.0,0.0,100,3264,633
2022-05-17,2.0283416586728102,0.0,0.0,100,3266,751
2022-05-18,1.9628513280281188,0.0,0.0,100,3270,641
2022-05-19,1.9876726609004727,0.0,0.0,100,3274,539
2022-05-20,1.9767737704588466,0.0,0.0,100,3280,580
2022-05-23,1.9926280100425433,0.0,0.0,100,3282,675
2022-05-24,2.012217493710431,0.0,0.0,100,3284,574
2022-05-25,2.043429564006977,0.0,0.0,100,3286,551
2022-05-26,2.0384401124955693,0.0,0.0,100,3286,612
2022-05-27,2.0412374731107987,0.0,0.0,100,3286,844
2022-05-30,2.0320780792911703,0.0,0.0,100,3286,1040
2022-05-31,2.0177774117443077,0.0,0.0,100,3288,1067
2022-06-01,2.013461634673069,0.0,0.0,100,3288,1062
2022-06-02,2.0480843062598364,0.0,0.0,100,3290,986
2022-06-03,2.046963595838871,0.0,0.0,100,3294,974
2022-06-06,2.083987564167319,0.0,0.0,100,3296,1073
2022-06-07,2.1151940611694555,0.0,0.0,100,3298,1054
2022-06-08,2.1167026604817494,0.0,0.0,100,3302,1023
2022-06-09,2.0650606328431036,0.0,0.0,100,3304,1014
2022-06-10,2.015663034885566,0.0,0.0,100,3304,834
2022-06-13,1.8670557071271119,0.0,0.0,100,3308,848
2022-06-14,1.8422847510039964,0.0,0.0,100,3310,762
2022-06-15,1.8484926562740231,0.0,0.0,100,3320,800
2022-06-16,1.8069500717831897,0.0,0.0,100,3324,712
2022-06-17,1.7812690798732869,0.0,0.0,100,3334,499
2022-06-20,1.7910775785694024,0.0,0.0,100,3346,469
2022-06-21,1.8242142730146937,0.0,0.0,100,3350,511
2022-06-22,1.7832640813856246,0.0,0.0,100,3360,509
2022-06-23,1.7309731881121135,0.0,0.0,100,3364,555
2022-06-24,1.7859185284952366,0.0,0.0,100,3382,670
2022-06-27,1.8274574909180794,0.0,0.0,100,3390,656
2022-06-28,1.8318820272272827,0.0,0.0,100,3396,747
2022-06-29,1.8163724937530397,0.0,0.0,100,3398,601
2022-06-30,1.7684425270847122,0.0,0.0,100,3404,483
2022-07-01,1.773329931568567,0.0,0.0,100,3412,403
2022-07-04,1.7980852430851892,0.0,0.0,100,3416,397
2022-07-05,1.8245745791193162,0.0,0.0,100,3422,428
2022-07-06,1.7985509167788947,0.0,0.0,100,3428,407
2022-07-07,1.8460941159567388,0.0,0.0,100,3442,448
2022-07-08,1.8474557675280698,0.0,0.0,100,3450,477
2022-07-11,1.8255580581666457,0.0,0.0,100,3450,462
2022-07-12,1.794207098172926,0.0,0.0,100,3454,414
2022-07-13,1.807611517886457,0.0,0.0,100,3460,381
2022-07-14,1.7910452526746306,0.0,0.0,100,3468,431
2022-07-15,1.785907032959334,0.0,0.0,100,3474,636
2022-07-18,1.7994640347679107,0.0,0.0,100,3476,944
2022-07-19,1.8069449474385477,0.0,0.0,100,3476,1182
2022-07-20,1.8252650515504376,0.0,0.0,100,3476,1242
2022-07-21,1.8412883188030251,0.0,0.0,100,3478,1466
2022-07-22,1.8038996089503652,0.0,0.0,100,3478,1487
2022-07-25,1.7935216267729512,0.0,0.0,100,3488,1494
2022-07-26,1.7909368816172226,0.0,0.0,100,3492,1342
2022-07-27,1.7917440539517353,0.0,0.0,100,3494,1491
2022-07-28,1.8268576623741932,0.0,0.0,100,3496,1602
2022-07-29,1.8172260271531644,0.0,0.0,100,3498,1522
2022-08-01,1.8102338318793945,0.0,0.0,100,3502,1513
2022-08-02,1.8196975075893196,0.0,0.0,100,3506,1354
2022-08-03,1.841201264616545,0.0,0.0,100,3508,1498
2022-08-04,1.8491880239441785,0.0,0.0,100,3512,1615
2022-08-05,1.910176985839726,0.0,0.0,100,3514,1669
2022-08-08,1.915623685915155,0.0,0.0,100,3514,1651
2022-08-09,1.9088676895872623,0.0,0.0,100,3520,1694
2022-08-10,1.9389048628660104,0.0,0.0,100,3520,1773
2022-08-11,1.936853533647511,0.0,0.0,100,3520,1696
2022-08-12,1.973649986436098,0.0,0.0,100,3520,1732
2022-08-15,1.990550302039107,0.0,0.0,100,3520,1745
2022-08-16,2.0157686516526065,0.0,0.0,100,3522,1815
2022-08-17,1.9803734911637496,0.0,0.0,100,3522,1788
2022-08-18,1.9922204104567143,0.0,0.0,100,3522,1814
2022-08-19,1.9610933364059537,0.0,0.0,100,3528,1733
2022-08-22,1.9068435434251219,0.0,0.0,100,3532,1564
2022-08-23,1.8818418336742777,0.0,0.0,100,3534,1380
2022-08-24,1.8964106380365693,0.0,0.0,100,3534,1321
2022-08-25,1.9245608287467604,0.0,0.0,100,3538,1301
2022-08-26,1.8820644556305526,0.0,0.0,100,3540,1126
2022-08-29,1.8245844326622453,0.0,0.0,100,3542,1042
2022-08-30,1.813382597872151,0.0,0.0,100,3546,1046
2022-08-31,1.7762189589526896,0.0,0.0,100,3552,905
2022-09-01,1.7265616567796749,0.0,0.0,100,3558,688
2022-09-02,1.7266763100489015,0.0,0.0,100,3568,668
2022-09-05,1.7309044992926181,0.0,0.0,100,3574,589
2022-09-06,1.7140946783932374,0.0,0.0,100,3576,641
2022-09-07,1.7160381187002143,0.0,0.0,100,3580,639
2022-09-08,1.7503065535719715,0.0,0.0,100,3590,762
2022-09-09,1.780901381040787,0.0,0.0,100,3590,841
2022-09-12,1.8138734037616708,0.0,0.0,100,3594,926
2022-09-13,1.8007015100797792,0.0,0.0,100,3596,835
2022-09-14,1.7919207031012625,0.0,0.0,100,3598,643
2022-09-15,1.7748657157864791,0.0,0.0,100,3604,586
2022-09-16,1.745468022756171,0.0,0.0,100,3606,443
2022-09-19,1.7324024282712072,0.0,0.0,100,3612,440
2022-09-20,1.7230506179551346,0.0,0.0,100,3618,424
2022-09-21,1.7046058642095752,0.0,0.0,100,3620,354
2022-09-22,1.6991304904544604,0.0,0.0,100,3624,309
2022-09-23,1.6756084188890257,0.0,0.0,100,3634,254
2022-09-26,1.6500948708525949,0.0,0.0,100,3640,216
2022-09-27,1.666770332832501,0.0,0.0,100,3644,237
2022-09-28,1.6575774813938824,0.0,0.0,100,3650,210
2022-09-29,1.6634674092993158,0.0,0.0,100,3656,189
2022-09-30,1.6479429427006205,0.0,0.0,100,3668,210
2022-10-03,1.6444451070507573,0.0,0.0,100,3670,284
2022-10-04,1.687378088296352,0.0,0.0,100,3672,484
2022-10-05,1.6808427508580799,0.0,0.0,100,3672,518
2022-10-06,1.6798360086288604,0.0,0.0,100,3672,670
2022-10-07,1.6736954121267447,0.0,0.0,100,3674,497
2022-10-10,1.6568490985258697,0.0,0.0,100,3680,511
2022-10-11,1.6460226344361366,0.0,0.0,100,3684,441
2022-10-12,1.6185979844673182,0.0,0.0,100,3692,405
2022-10-13,1.6000809645803626,0.0,0.0,100,3698,361
2022-10-14,1.6198636349084905,0.0,0.0,100,3706,290
2022-10-17,1.6183404133546138,0.0,0.0,100,3708,245
2022-10-18,1.6377720472825852,0.0,0.0,100,3712,421
2022-10-19,1.6271052651946605,0.0,0.0,100,3714,455
2022-10-20,1.6294523648992194,0.0,0.0,100,3716,467
2022-10-21,1.6369652672975552,0.0,0.0,100,3720,542
2022-10-24,1.6253985770549442,0.0,0.0,100,3722,607
2022-10-25,1.6575887416771844,0.0,0.0,100,3722,808
2022-10-26,1.6599015250062004,0.0,0.0,100,3724,957
2022-10-27,1.6576029252609725,0.0,0.0,100,3726,1075
2022-10-28,1.6399361500571943,0.0,0.0,100,3730,1231
2022-10-31,1.640676284389468,0.0,0.0,100,3732,1459
2022-11-01,1.6632838773843532,0.0,0.0,100,3732,1544
2022-11-02,1.636799361842605,0.0,0.0,100,3734,1455
2022-11-03,1.6331189365152101,0.0,0.0,100,3738,1543
2022-11-04,1.6516352171748052,0.0,0.0,100,3738,1568
2022-11-07,1.6689836460856433,0.0,0.0,100,3740,1584
2022-11-08,1.7007854752211689,0.0,0.0,100,3740,1391
2022-11-09,1.6749198722917922,0.0,0.0,100,3740,1341
2022-11-10,1.6877617428482288,0.0,0.0,100,3744,1536
2022-11-11,1.6993097948865954,0.0,0.0,100,3750,1726
2022-11-14,1.6927340229476748,0.0,0.0,100,3756,1733
2022-11-15,1.6764692915260864,0.0,0.0,100,3762,1838
2022-11-16,1.644515965386552,0.0,0.0,100,3762,1843
2022-11-17,1.6456316223736691,0.0,0.0,100,3766,1838
2022-11-18,1.6453554727454,0.0,0.0,100,3766,1828
2022-11-21,1.6385259409045836,0.0,0.0,100,3766,1767
2022-11-22,1.6487327278865718,0.0,0.0,100,3766,1752
2022-11-23,1.6640749013714655,0.0,0.0,100,3766,1825
2022-11-24,1.6889820001952625,0.0,0.0,100,3768,1873
2022-11-25,1.6855844725910407,0.0,0.0,100,3770,1863
2022-11-28,1.6587372037422188,0.0,0.0,100,3772,1753
2022-11-29,1.6561674411353418,0.0,0.0,100,3778,1640
2022-11-30,1.6857401118613573,0.0,0.0,100,3778,1645
2022-12-01,1.6925465591012017,0.0,0.0,100,3780,1706
2022-12-02,1.6874331425066567,0.0,0.0,100,3780,1630
2022-12-05,1.6867158524867911,0.0,0.0,100,3780,1465
2022-12-06,1.6608910265196422,0.0,0.0,100,3782,1366
2022-12-07,1.659167498746021,0.0,0.0,100,3784,1414
2022-12-08,1.6773614365489908,0.0,0.0,100,3790,1437
2022-12-09,1.679523480590225,0.0,0.0,100,3792,1440
2022-12-12,1.6604975374135547,0.0,0.0,100,3798,1343
2022-12-13,1.684559732505371,0.0,0.0,100,3802,1329
2022-12-14,1.682398230812096,0.0,0.0,100,3804,1376
2022-12-15,1.660897077202848,0.0,0.0,100,3806,926
2022-12-16,1.657157752855882,0.0,0.0,100,3814,741
2022-12-19,1.6390805024151147,0.0,0.0,100,3824,723
2022-12-20,1.622512607719543,0.0,0.0,100,3828,643
2022-12-21,1.6547635709908162,0.0,0.0,100,3836,816
2022-12-22,1.642072693838626,0.0,0.0,100,3838,788
2022-12-23,1.622911309379064,0.0,0.0,100,3838,748
2022-12-26,1.6266590234604423,0.0,0.0,100,3838,744
2022-12-27,1.6281284419499564,0.0,0.0,100,3838,667
2022-12-28,1.613350937758204,0.0,0.0,100,3840,592
2022-12-29,1.634082324707737,0.0,0.0,100,3846,583
2022-12-30,1.6290925404873853,0.0,0.0,100,3846,507
2023-01-02,1.6329054205911306,0.0,0.0,100,3850,647
2023-01-03,1.6500126845940495,0.0,0.0,100,3850,701
2023-01-04,1.671453849132683,0.0,0.0,100,3856,742
2023-01-05,1.6889251755344603,0.0,0.0,100,3860,654
2023-01-06,1.7055249907373093,0.0,0.0,100,3864,769
2023-01-09,1.7030535439846586,0.0,0.0,100,3864,904
2023-01-10,1.705327576653122,0.0,0.0,100,3866,974
2023-01-11,1.6978623406943514,0.0,0.0,100,3868,1142
2023-01-12,1.6988918393640928,0.0,0.0,100,3872,1198
2023-01-13,1.7080873813098292,0.0,0.0,100,3872,1191
2023-01-16,1.7069243946917712,0.0,0.0,100,3872,1202
2023-01-17,1.700554349992061,0.0,0.0,100,3878,1130
2023-01-18,1.7114834452555374,0.0,0.0,100,3878,1133
2023-01-19,1.7103133002556203,0.0,0.0,100,3880,1189
2023-01-20,1.7249572576289953,0.0,0.0,100,3882,1388
2023-01-23,1.737246994113505,0.0,0.0,100,3886,1549
2023-01-24,1.7370804071241792,0.0,0.0,100,3886,1675
2023-01-25,1.728112973185386,0.0,0.0,100,3888,1658
2023-01-26,1.7223387896841482,0.0,0.0,100,3890,1689
2023-01-27,1.7194279991463295,0.0,0.0,100,3890,1705
2023-01-30,1.7060474414376017,0.0,0.0,100,3890,1672
2023-01-31,1.7075773579376907,0.0,0.0,100,3894,1681
2023-02-01,1.7400404565946401,0.0,0.0,100,3896,1715
2023-02-02,1.7267185932780502,0.0,0.0,100,3900,1724
2023-02-03,1.7237264727735104,0.0,0.0,100,3900,1750
2023-02-06,1.7076232686405188,0.0,0.0,100,3902,1717
2023-02-07,1.7125793339852298,0.0,0.0,100,3902,1727
2023-02-08,1.7226754142900822,0.0,0.0,100,3908,1697
2023-02-09,1.6950169918481748,0.0,0.0,100,3910,1713
2023-02-10,1.6615954989312613,0.0,0.0,100,3912,1606
2023-02-13,1.6654327595866847,0.0,0.0,100,3914,1613
2023-02-14,1.6813223777855866,0.0,0.0,100,3916,1621
2023-02-15,1.70531727218153,0.0,0.0,100,3920,1555
2023-02-16,1.6949374719467403,0.0,0.0,100,3926,1507
2023-02-17,1.706081908771385,0.0,0.0,100,3932,1434
2023-02-20,1.7010500152416017,0.0,0.0,100,3934,1418
2023-02-21,1.6634364497418066,0.0,0.0,100,3938,1311
2023-02-22,1.6558819617482168,0.0,0.0,100,3940,1235
2023-02-23,1.6654195610957248,0.0,0.0,100,3940,1389
2023-02-24,1.6476537342099262,0.0,0.0,100,3944,1248
2023-02-27,1.681429057062871,0.0,0.0,100,3952,1213
2023-02-28,1.6787139529322075,0.0,0.0,100,3956,1159
2023-03-01,1.675081172255527,0.0,0.0,100,3960,1169
2023-03-02,1.687280199068882,0.0,0.0,100,3966,1110
2023-03-03,1.7176464337257433,0.0,0.0,100,3966,1176
2023-03-06,1.7014156248876549,0.0,0.0,100,3968,1245
2023-03-07,1.6838117251308051,0.0,0.0,100,3968,1170
2023-03-08,1.7024727588124724,0.0,0.0,100,3972,1132
2023-03-09,1.6771949039660003,0.0,0.0,100,3976,967
2023-03-10,1.6449021636630274,0.0,0.0,100,3986,804
2023-03-13,1.6116447665774527,0.0,0.0,100,4002,672
2023-03-14,1.6285918061012938,0.0,0.0,100,4008,663
2023-03-15,1.589699545828457,0.0,0.0,100,4010,554
2023-03-16,1.6075033237852903,0.0,0.0,100,4018,557
2023-03-17,1.6058758989780946,0.0,0.0,100,4022,592
2023-03-20,1.6084209694649585,0.0,0.0,100,4026,525
2023-03-21,1.6198824067564164,0.0,0.0,100,4028,556
2023-03-22,1.6082515752973099,0.0,0.0,100,4030,545
2023-03-23,1.622178770243099,0.0,0.0,100,4030,551
2023-03-24,1.5925862488430462,0.0,0.0,100,4034,535
2023-03-27,1.5844573680514726,0.0,0.0,100,4050,565
2023-03-28,1.5932290813895038,0.0,0.0,100,4052,622
2023-03-29,1.6268587942819002,0.0,0.0,100,4056,816
2023-03-30,1.628891751399208,0.0,0.0,100,4058,832
2023-03-31,1.6590709254845224,0.0,0.0,100,4060,978
2023-04-03,1.6523638374266252,0.0,0.0,100,4064,959
2023-04-04,1.6353625085156367,0.0,0.0,100,4064,979
2023-04-05,1.6154869802056617,0.0,0.0,100,4064,822
2023-04-06,1.624682190149954,0.0,0.0,100,4070,774
2023-04-07,1.6256155270950763,0.0,0.0,100,4072,670
2023-04-10,1.6592440316117083,0.0,0.0,100,4080,679
2023-04-11,1.676513733623393,0.0,0.0,100,4084,819
2023-04-12,1.6658313128770526,0.0,0.0,100,4088,807
2023-04-13,1.699312212276541,0.0,0.0,100,4092,879
2023-04-14,1.6995902877593378,0.0,0.0,100,4096,1114
2023-04-17,1.6935371158538286,0.0,0.0,100,4102,1396
2023-04-18,1.7232202731682664,0.0,0.0,100,4102,1476
2023-04-19,1.6937922891014352,0.0,0.0,100,4102,1616
2023-04-20,1.6684763181744615,0.0,0.0,100,4102,1577
2023-04-21,1.6603253265039544,0.0,0.0,100,4102,1623
2023-04-24,1.649739812133298,0.0,0.0,100,4104,1650
2023-04-25,1.6389736556269725,0.0,0.0,100,4108,1440
2023-04-26,1.6346775199386547,0.0,0.0,100,4112,1354
2023-04-27,1.6530783465321526,0.0,0.0,100,4114,1434
2023-04-28,1.6681162448005655,0.0,0.0,100,4116,1631
2023-05-01,1.6655021215316124,0.0,0.0,100,4118,1546
2023-05-02,1.6668019947474366,0.0,0.0,100,4118,1452
2023-05-03,1.6563674907298078,0.0,0.0,100,4118,1268
2023-05-04,1.6480377114609903,0.0,0.0,100,4124,1125
2023-05-05,1.680077313156758,0.0,0.0,100,4128,1176
2023-05-08,1.6731013627475466,0.0,0.0,100,4128,1149
2023-05-09,1.6719663596842809,0.0,0.0,100,4130,1183
2023-05-10,1.665862689541045,0.0,0.0,100,4136,1295
2023-05-11,1.6359623418421754,0.0,0.0,100,4136,1236
2023-05-12,1.6209278633736588,0.0,0.0,100,4140,1223
2023-05-15,1.6376092138124774,0.0,0.0,100,4140,1244
2023-05-16,1.639355383633436,0.0,0.0,100,4142,1096
2023-05-17,1.6548157512992405,0.0,0.0,100,4156,1076
2023-05-18,1.6709660034419822,0.0,0.0,100,4158,1118
2023-05-19,1.6581576732434622,0.0,0.0,100,4172,1085
2023-05-22,1.6663458992879503,0.0,0.0,100,4178,1067
2023-05-23,1.650896366240756,0.0,0.0,100,4178,958
2023-05-24,1.68329901481201,0.0,0.0,100,4182,845
2023-05-25,1.6968192195154912,0.0,0.0,100,4186,844
2023-05-26,1.7236987200301432,0.0,0.0,100,4186,857
2023-05-29,1.7251910921005678,0.0,0.0,100,4188,864
2023-05-30,1.7467875597630258,0.0,0.0,100,4188,872
2023-05-31,1.7107959679149385,0.0,0.0,100,4194,845
2023-06-01,1.7468371116293098,0.0,0.0,100,4196,871
2023-06-02,1.7576615724204165,0.0,0.0,100,4202,910
2023-06-05,1.7584859959126045,0.0,0.0,100,4206,931
2023-06-06,1.7578341947279106,0.0,0.0,100,4210,1086
2023-06-07,1.7537509112371563,0.0,0.0,100,4212,1100
2023-06-08,1.7564516600102358,0.0,0.0,100,4216,1150
2023-06-09,1.766266309072212,0.0,0.0,100,4220,1052
2023-06-12,1.7812914865544909,0.0,0.0,100,4220,1051
2023-06-13,1.822821050198817,0.0,0.0,100,4220,1135
2023-06-14,1.8397148813097834,0.0,0.0,100,4224,1199
2023-06-15,1.8313128431467995,0.0,0.0,100,4226,1220
2023-06-16,1.833547176725224,0.0,0.0,100,4228,1260
2023-06-19,1.8164754574915045,0.0,0.0,100,4230,1153
2023-06-20,1.8325757277315877,0.0,0.0,100,4230,1144
2023-06-21,1.8139410281215331,0.0,0.0,100,4232,1113
2023-06-22,1.8107506782934226,0.0,0.0,100,4232,1001
2023-06-23,1.7837167303052441,0.0,0.0,100,4236,902
2023-06-26,1.7628922118673604,0.0,0.0,100,4238,862
2023-06-27,1.7679337060465086,0.0,0.0,100,4246,947
2023-06-28,1.781207111916251,0.0,0.0,100,4248,1207
2023-06-29,1.7922549507540615,0.0,0.0,100,4248,1288
2023-06-30,1.8164771598307188,0.0,0.0,100,4250,1318
2023-07-03,1.8385690380039328,0.0,0.0,100,4250,1331
2023-07-04,1.8347490424696056,0.0,0.0,100,4252,1387
2023-07-05,1.8247064323907416,0.0,0.0,100,4254,1450
2023-07-06,1.7970499711003378,0.0,0.0,100,4258,1173
2023-07-07,1.8036717669042697,0.0,0.0,100,4258,967
2023-07-10,1.8088577104520587,0.0,0.0,100,4260,962
2023-07-11,1.822288739490086,0.0,0.0,100,4268,1005
2023-07-12,1.8473672379622075,0.0,0.0,100,4270,1085
2023-07-13,1.901635499328234,0.0,0.0,100,4270,1197
2023-07-14,1.8994526048710958,0.0,0.0,100,4272,1121
2023-07-17,1.9116841054555012,0.0,0.0,100,4276,1040
2023-07-18,1.931226738937713,0.0,0.0,100,4280,1037
2023-07-19,1.950474503496776,0.0,0.0,100,4284,1123
2023-07-20,1.9193524182940598,0.0,0.0,100,4284,1114
2023-07-21,1.8909824249541773,0.0,0.0,100,4284,1093
2023-07-24,1.8956309155930997,0.0,0.0,100,4288,1219
2023-07-25,1.905612349698015,0.0,0.0,100,4288,1311
2023-07-26,1.9072140433558993,0.0,0.0,100,4290,1326
2023-07-27,1.9115197170004676,0.0,0.0,100,4292,1431
2023-07-28,1.9293925316477165,0.0,0.0,100,4296,1511
2023-07-31,1.9624265063953692,0.0,0.0,100,4298,1603
2023-08-01,1.9465950259756595,0.0,0.0,100,4298,1589
2023-08-02,1.9709781997845803,0.0,0.0,100,4298,1266
2023-08-03,1.989363718692324,0.0,0.0,100,4298,1168
2023-08-04,1.9550505800778777,0.0,0.0,100,4300,1106
2023-08-07,1.9548688668999599,0.0,0.0,100,4304,1057
2023-08-08,1.9469212409713386,0.0,0.0,100,4310,1018
2023-08-09,1.8983375544654466,0.0,0.0,100,4314,1091
2023-08-10,1.886463771770349,0.0,0.0,100,4324,1393
2023-08-11,1.8696460679029614,0.0,0.0,100,4332,1321
2023-08-14,1.9148813368604172,0.0,0.0,100,4334,1279
2023-08-15,1.9010407037347132,0.0,0.0,100,4336,1103
2023-08-16,1.8856287251322763,0.0,0.0,100,4344,953
2023-08-17,1.8453818480714141,0.0,0.0,100,4346,825
2023-08-18,1.8510580160621686,0.0,0.0,100,4356,770
2023-08-21,1.9005203143987202,0.0,0.0,100,4364,777
2023-08-22,1.891574305660865,0.0,0.0,100,4370,755
2023-08-23,1.9684172407511242,0.0,0.0,100,4372,708
2023-08-24,1.9075077687207724,0.0,0.0,100,4378,688
2023-08-25,1.9195506427245939,0.0,0.0,100,4382,666
2023-08-28,1.9479408164458887,0.0,0.0,100,4388,715
2023-08-29,1.9832683449300967,0.0,0.0,100,4388,745
2023-08-30,1.9963380955954424,0.0,0.0,100,4388,788
2023-08-31,2.000799277751106,0.0,0.0,100,4392,781
2023-09-01,2.0048566581226432,0.0,0.0,100,4396,819
2023-09-04,2.0136808818571548,0.0,0.0,100,4396,772
2023-09-05,2.0157002455755846,0.0,0.0,100,4398,783
2023-09-06,1.989854840503235,0.0,0.0,100,4400,880
2023-09-07,1.9855674791878355,0.0,0.0,100,4400,903
2023-09-08,1.966037019724557,0.0,0.0,100,4408,877
2023-09-11,1.9903058625002776,0.0,0.0,100,4408,898
2023-09-12,1.971781088989545,0.0,0.0,100,4410,941
2023-09-13,1.9700152230797476,0.0,0.0,100,4412,891
2023-09-14,2.0005399081159942,0.0,0.0,100,4412,978
2023-09-15,1.9933534658961292,0.0,0.0,100,4414,1027
2023-09-18,1.9833171375309517,0.0,0.0,100,4414,987
2023-09-19,1.9646948658916854,0.0,0.0,100,4414,1041
2023-09-20,1.946977726150601,0.0,0.0,100,4420,1141
2023-09-21,1.9090468534547471,0.0,0.0,100,4422,1085
2023-09-22,1.929649376540435,0.0,0.0,100,4426,1126
2023-09-25,1.9354248891333712,0.0,0.0,100,4430,1111
2023-09-26,1.9036746463464422,0.0,0.0,100,4432,967
2023-09-27,1.9086874866334027,0.0,0.0,100,4432,877
2023-09-28,1.9021117037933926,0.0,0.0,100,4436,890
2023-09-29,1.998148847844921,0.0,0.0,100,4444,919
2023-10-02,1.9696776673912555,0.0,0.0,100,4444,700
2023-10-03,2.08662243275112,0.0,0.0,100,4444,423
2023-10-04,2.0096838479481596,0.0,0.0,100,4444,306
2023-10-05,1.9647435078459567,0.0,0.0,100,4448,357
2023-10-06,2.01869375498816,0.0,0.0,100,4454,370
2023-10-09,1.991980650367575,0.0,0.0,100,4458,357
2023-10-10,2.035044703864948,0.0,0.0,100,4462,511
2023-10-11,2.0232680204753017,0.0,0.0,100,4464,557
2023-10-12,2.0078295147986216,0.0,0.0,100,4466,617
2023-10-13,1.9504089385004673,0.0,0.0,100,4466,521
2023-10-16,1.937133236752924,0.0,0.0,100,4468,464
2023-10-17,1.9282669434287527,0.0,0.0,100,4474,470
2023-10-18,1.9256896564667931,0.0,0.0,100,4480,444
2023-10-19,1.8905048578568269,0.0,0.0,100,4482,323
2023-10-20,1.8738034671928632,0.0,0.0,100,4486,263
2023-10-23,1.834317707345777,0.0,0.0,100,4498,267
2023-10-24,1.864718692078698,0.0,0.0,100,4502,288
2023-10-25,1.8320722185198495,0.0,0.0,100,4510,268
2023-10-26,1.8355844875937595,0.0,0.0,100,4514,315
2023-10-27,1.849692177019913,0.0,0.0,100,4516,302
2023-10-30,1.8711320276082681,0.0,0.0,100,4520,336
2023-10-31,1.9055615363259324,0.0,0.0,100,4522,454
2023-11-01,1.9087588903081218,0.0,0.0,100,4522,568
2023-11-02,1.8990666459521732,0.0,0.0,100,4530,731
2023-11-03,1.9201467980293612,0.0,0.0,100,4530,855
2023-11-06,1.901275997263845,0.0,0.0,100,4536,960
2023-11-07,1.9413009886842088,0.0,0.0,100,4538,1152
2023-11-08,1.9143625180586132,0.0,0.0,100,4540,1255
2023-11-09,1.9275702337713985,0.0,0.0,100,4540,1267
2023-11-10,1.9269619967583214,0.0,0.0,100,4542,1134
2023-11-13,1.9431508718579782,0.0,0.0,100,4544,1174
2023-11-14,1.9613258601764618,0.0,0.0,100,4544,1185
2023-11-15,1.962521214657438,0.0,0.0,100,4548,1282
2023-11-16,1.9564232099866308,0.0,0.0,100,4548,1176
2023-11-17,1.970674687217127,0.0,0.0,100,4550,1391
2023-11-20,2.010158088462313,0.0,0.0,100,4552,1427
2023-11-21,1.957321006639781,0.0,0.0,100,4552,1333
2023-11-22,1.9574534209010301,0.0,0.0,100,4558,1461
2023-11-23,1.9749762600273915,0.0,0.0,100,4560,1564
2023-11-24,1.9731172245445336,0.0,0.0,100,4560,1646
2023-11-27,1.972426706173976,0.0,0.0,100,4560,1675
2023-11-28,1.9485070788622942,0.0,0.0,100,4562,1651
2023-11-29,1.9676871582429032,0.0,0.0,100,4564,1662
2023-11-30,1.9638655152965248,0.0,0.0,100,4568,1745
2023-12-01,1.9835670652015844,0.0,0.0,100,4568,1756
2023-12-04,1.9880751849882359,0.0,0.0,100,4572,1766
2023-12-05,1.9601260403160816,0.0,0.0,100,4574,1693
2023-12-06,1.9455829044538648,0.0,0.0,100,4580,1669
2023-12-07,1.9566388926145537,0.0,0.0,100,4586,1512
2023-12-08,1.988757845992792,0.0,0.0,100,4588,1433
2023-12-11,1.9911049633011597,0.0,0.0,100,4590,1468
2023-12-12,1.9914236045140423,0.0,0.0,100,4592,1496
2023-12-13,1.9920466982123588,0.0,0.0,100,4596,1553
2023-12-14,1.9921981802322404,0.0,0.0,100,4596,1543
2023-12-15,2.0067171387581215,0.0,0.0,100,4598,1580
2023-12-18,2.021395010529148,0.0,0.0,100,4598,1572
2023-12-19,2.0630717503779032,0.0,0.0,100,4598,1525
2023-12-20,2.009536593695454,0.0,0.0,100,4598,1483
2023-12-21,2.0424249556870833,0.0,0.0,100,4600,1591
2023-12-22,2.0467642895423666,0.0,0.0,100,4600,1562
2023-12-25,2.0468572614602474,0.0,0.0,100,4600,1527
2023-12-26,2.0619662221382025,0.0,0.0,100,4602,1558
2023-12-27,2.0925562593885516,0.0,0.0,100,4604,1581
2023-12-28,2.0631208045656093,0.0,0.0,100,4606,1536
2023-12-29,2.003225371655058,0.0,0.0,100,4606,1507
