ISIN,conId,Symbol,Currency,date,open,high,low,close,volume,barCount,average
BE0003730448,36790795,QFG,EUR,2019-01-02,6.1,6.2,6.04,6.06,7919,23,6.10025
BE0003730448,36790795,QFG,EUR,2019-01-03,6.16,6.18,6.06,6.16,3924,15,6.1339
BE0003730448,36790795,QFG,EUR,2019-01-04,6.04,6.16,6.04,6.08,5878,18,6.08595
BE0003730448,36790795,QFG,EUR,2019-01-07,6.12,6.12,6.04,6.12,3697,15,6.09875
BE0003730448,36790795,QFG,EUR,2019-01-08,6.14,6.22,6.1,6.2,7944,19,6.1701
BE0003730448,36790795,QFG,EUR,2019-01-09,6.1,6.22,6.1,6.1,3291,19,6.1564
BE0003730448,36790795,QFG,EUR,2019-01-10,6.1,6.2,6.08,6.1,8581,30,6.1274
BE0003730448,36790795,QFG,EUR,2019-01-11,6.16,6.16,6.1,6.16,1453,12,6.15255
BE0003730448,36790795,QFG,EUR,2019-01-14,6.2,6.2,6.14,6.2,5365,28,6.1994
BE0003730448,36790795,QFG,EUR,2019-01-15,6.2,6.2,6.14,6.14,2981,15,6.19675
BE0003730448,36790795,QFG,EUR,2019-01-16,6.2,6.2,6.12,6.2,1146,7,6.1644
BE0003730448,36790795,QFG,EUR,2019-01-17,6.16,6.2,6.12,6.12,7701,21,6.1486
BE0003730448,36790795,QFG,EUR,2019-01-18,6.2,6.2,6.08,6.16,7311,26,6.1415
BE0003730448,36790795,QFG,EUR,2019-01-21,6.2,6.2,6.1,6.12,5916,23,6.15585
BE0003730448,36790795,QFG,EUR,2019-01-22,6.2,6.2,6.1,6.1,4591,22,6.12635
BE0003730448,36790795,QFG,EUR,2019-01-23,6.2,6.2,6.1,6.1,7489,20,6.122
BE0003730448,36790795,QFG,EUR,2019-01-24,6.1,6.16,6.1,6.16,1575,6,6.11365
BE0003730448,36790795,QFG,EUR,2019-01-25,6.1,6.18,6.06,6.12,13889,61,6.09385
BE0003730448,36790795,QFG,EUR,2019-01-28,6.12,6.18,6.06,6.06,13341,36,6.10935
BE0003730448,36790795,QFG,EUR,2019-01-29,6.1,6.18,6.08,6.1,6040,26,6.12545
BE0003730448,36790795,QFG,EUR,2019-01-30,6.08,6.16,6.04,6.06,16765,55,6.1081
BE0003730448,36790795,QFG,EUR,2019-01-31,6.06,6.1,6.02,6.06,6046,23,6.05195
BE0003730448,36790795,QFG,EUR,2019-02-01,6.04,6.12,6.02,6.04,8125,31,6.05
BE0003730448,36790795,QFG,EUR,2019-02-04,6.04,6.12,6.02,6.04,2904,20,6.06915
BE0003730448,36790795,QFG,EUR,2019-02-05,6.04,6.1,6.02,6.02,5989,22,6.04735
BE0003730448,36790795,QFG,EUR,2019-02-06,6.04,6.04,6.02,6.02,5965,30,6.0258
BE0003730448,36790795,QFG,EUR,2019-02-07,6.02,6.04,6.0,6.0,7924,34,6.0067
BE0003730448,36790795,QFG,EUR,2019-02-08,5.98,6.0,5.8,5.84,29780,81,5.86225
BE0003730448,36790795,QFG,EUR,2019-02-11,5.9,5.9,5.8,5.8,7670,38,5.8457
BE0003730448,36790795,QFG,EUR,2019-02-12,5.82,5.94,5.82,5.9,3174,11,5.8981
BE0003730448,36790795,QFG,EUR,2019-02-13,5.9,5.94,5.84,5.84,13485,37,5.9003
BE0003730448,36790795,QFG,EUR,2019-02-14,5.84,6.0,5.84,5.9,14616,42,5.9619
BE0003730448,36790795,QFG,EUR,2019-02-15,6.0,6.0,5.86,5.94,11715,36,5.96125
BE0003730448,36790795,QFG,EUR,2019-02-18,6.04,6.04,6.0,6.0,3373,9,6.03445
BE0003730448,36790795,QFG,EUR,2019-02-19,6.02,6.02,5.94,5.94,4268,19,5.98565
BE0003730448,36790795,QFG,EUR,2019-02-20,5.94,6.0,5.86,5.92,13650,40,5.94325
BE0003730448,36790795,QFG,EUR,2019-02-21,5.92,6.02,5.92,6.0,16406,24,5.9874
BE0003730448,36790795,QFG,EUR,2019-02-22,6.0,6.02,5.94,5.94,4717,25,5.97305
BE0003730448,36790795,QFG,EUR,2019-02-25,5.94,5.94,5.7,5.74,49025,128,5.8267
BE0003730448,36790795,QFG,EUR,2019-02-26,5.72,5.98,5.58,5.86,41970,101,5.70385
BE0003730448,36790795,QFG,EUR,2019-02-27,5.9,5.9,5.7,5.7,11702,26,5.78235
BE0003730448,36790795,QFG,EUR,2019-02-28,5.86,5.94,5.62,5.94,40609,64,5.7919
BE0003730448,36790795,QFG,EUR,2019-03-01,5.98,5.98,5.82,5.88,14397,30,5.8926
BE0003730448,36790795,QFG,EUR,2019-03-04,5.92,5.98,5.88,5.9,6598,19,5.9256
BE0003730448,36790795,QFG,EUR,2019-03-05,5.92,5.96,5.86,5.92,9407,31,5.91675
BE0003730448,36790795,QFG,EUR,2019-03-06,5.92,5.96,5.86,5.86,14660,28,5.9061
BE0003730448,36790795,QFG,EUR,2019-03-07,5.92,5.98,5.86,5.88,8078,18,5.8956
BE0003730448,36790795,QFG,EUR,2019-03-08,5.88,5.94,5.8,5.8,6602,32,5.86415
BE0003730448,36790795,QFG,EUR,2019-03-11,5.8,5.9,5.8,5.82,4400,18,5.8671
BE0003730448,36790795,QFG,EUR,2019-03-12,5.88,6.0,5.82,5.9,11003,28,5.92285
BE0003730448,36790795,QFG,EUR,2019-03-13,6.0,6.02,5.88,6.02,11030,30,5.95395
BE0003730448,36790795,QFG,EUR,2019-03-14,5.94,6.1,5.94,5.94,7677,23,6.01875
BE0003730448,36790795,QFG,EUR,2019-03-15,5.94,5.98,5.8,5.84,17716,46,5.8905
BE0003730448,36790795,QFG,EUR,2019-03-18,5.82,5.96,5.82,5.94,3000,15,5.8926
BE0003730448,36790795,QFG,EUR,2019-03-19,5.94,5.98,5.9,5.92,4209,16,5.9512
BE0003730448,36790795,QFG,EUR,2019-03-20,5.92,6.04,5.92,6.04,9943,25,5.98685
BE0003730448,36790795,QFG,EUR,2019-03-21,6.04,6.04,6.0,6.0,5368,17,6.0048
BE0003730448,36790795,QFG,EUR,2019-03-22,6.0,6.04,5.82,5.82,20112,48,5.8933
BE0003730448,36790795,QFG,EUR,2019-03-25,5.84,5.94,5.8,5.8,4702,22,5.8318
BE0003730448,36790795,QFG,EUR,2019-03-26,5.8,5.96,5.8,5.94,8309,31,5.8881
BE0003730448,36790795,QFG,EUR,2019-03-27,5.94,5.94,5.82,5.82,1383,13,5.8924
BE0003730448,36790795,QFG,EUR,2019-03-28,5.82,5.92,5.8,5.8,5505,21,5.8118
BE0003730448,36790795,QFG,EUR,2019-03-29,5.8,5.9,5.68,5.78,45925,83,5.7478
BE0003730448,36790795,QFG,EUR,2019-04-01,5.78,5.88,5.72,5.72,13920,30,5.80295
BE0003730448,36790795,QFG,EUR,2019-04-02,5.9,5.9,5.74,5.84,7684,32,5.81165
BE0003730448,36790795,QFG,EUR,2019-04-03,5.9,5.96,5.76,5.96,16740,33,5.88445
BE0003730448,36790795,QFG,EUR,2019-04-04,5.96,5.98,5.88,5.88,9567,47,5.9303
BE0003730448,36790795,QFG,EUR,2019-04-05,5.96,6.02,5.9,5.9,42654,129,5.96415
BE0003730448,36790795,QFG,EUR,2019-04-08,6.02,6.02,5.9,5.94,9300,37,5.9549
BE0003730448,36790795,QFG,EUR,2019-04-09,5.98,6.02,5.9,5.92,16405,47,5.95215
BE0003730448,36790795,QFG,EUR,2019-04-10,5.92,5.94,5.84,5.94,12112,27,5.8982
BE0003730448,36790795,QFG,EUR,2019-04-11,5.94,5.94,5.9,5.92,6422,14,5.92245
BE0003730448,36790795,QFG,EUR,2019-04-12,5.94,5.94,5.8,5.86,24217,63,5.8571
BE0003730448,36790795,QFG,EUR,2019-04-15,5.86,5.9,5.82,5.82,6530,20,5.8501
BE0003730448,36790795,QFG,EUR,2019-04-16,5.9,5.9,5.84,5.88,4914,14,5.8964
BE0003730448,36790795,QFG,EUR,2019-04-17,5.9,5.96,5.86,5.92,8449,26,5.92045
BE0003730448,36790795,QFG,EUR,2019-04-18,5.96,5.96,5.82,5.9,26097,48,5.88895
BE0003730448,36790795,QFG,EUR,2019-04-23,5.96,5.96,5.82,5.82,17749,48,5.88375
BE0003730448,36790795,QFG,EUR,2019-04-24,5.84,5.94,5.8,5.84,15002,36,5.8298
BE0003730448,36790795,QFG,EUR,2019-04-25,5.84,5.92,5.82,5.82,8621,23,5.87785
BE0003730448,36790795,QFG,EUR,2019-04-26,5.84,5.9,5.78,5.9,30888,67,5.84095
BE0003730448,36790795,QFG,EUR,2019-04-29,5.96,5.96,5.86,5.94,3725,16,5.93405
BE0003730448,36790795,QFG,EUR,2019-04-30,5.94,5.94,5.84,5.84,6534,21,5.89795
BE0003730448,36790795,QFG,EUR,2019-05-02,5.84,5.94,5.72,5.72,43099,100,5.80785
BE0003730448,36790795,QFG,EUR,2019-05-03,5.72,5.84,5.7,5.84,57805,124,5.71835
BE0003730448,36790795,QFG,EUR,2019-05-06,5.86,5.86,5.72,5.74,11159,29,5.77295
BE0003730448,36790795,QFG,EUR,2019-05-07,5.72,5.84,5.72,5.84,8849,22,5.75945
BE0003730448,36790795,QFG,EUR,2019-05-08,5.82,5.92,5.78,5.86,6586,17,5.8643
BE0003730448,36790795,QFG,EUR,2019-05-09,5.9,5.9,5.76,5.76,5160,21,5.83585
BE0003730448,36790795,QFG,EUR,2019-05-10,5.8,5.8,5.74,5.8,4530,16,5.78615
BE0003730448,36790795,QFG,EUR,2019-05-13,5.8,5.8,5.7,5.7,12952,42,5.7308
BE0003730448,36790795,QFG,EUR,2019-05-14,5.72,5.78,5.7,5.72,7686,21,5.7121
BE0003730448,36790795,QFG,EUR,2019-05-15,5.72,5.78,5.72,5.78,3758,15,5.72915
BE0003730448,36790795,QFG,EUR,2019-05-16,5.74,5.76,5.72,5.72,1272,8,5.73905
BE0003730448,36790795,QFG,EUR,2019-05-17,5.7,5.74,5.68,5.68,21893,39,5.69955
BE0003730448,36790795,QFG,EUR,2019-05-20,5.7,5.76,5.7,5.76,2358,11,5.71735
BE0003730448,36790795,QFG,EUR,2019-05-21,5.76,5.76,5.5,5.5,31630,67,5.5948
BE0003730448,36790795,QFG,EUR,2019-05-22,5.6,5.66,5.56,5.6,4654,20,5.5963
BE0003730448,36790795,QFG,EUR,2019-05-23,5.68,5.78,5.6,5.78,16379,30,5.67885
BE0003730448,36790795,QFG,EUR,2019-05-24,5.66,5.78,5.56,5.6,19411,64,5.6581
BE0003730448,36790795,QFG,EUR,2019-05-27,5.74,5.74,5.6,5.66,2323,11,5.70195
BE0003730448,36790795,QFG,EUR,2019-05-28,5.6,5.68,5.54,5.56,12968,26,5.5934
BE0003730448,36790795,QFG,EUR,2019-05-29,5.6,5.68,5.54,5.62,9055,23,5.58975
BE0003730448,36790795,QFG,EUR,2019-05-30,5.64,5.68,5.56,5.62,4571,26,5.6142
BE0003730448,36790795,QFG,EUR,2019-05-31,5.66,5.66,5.54,5.54,6364,25,5.56465
BE0003730448,36790795,QFG,EUR,2019-06-03,5.52,5.56,5.5,5.5,18136,44,5.51095
BE0003730448,36790795,QFG,EUR,2019-06-04,5.5,5.58,5.5,5.54,18107,46,5.5095
BE0003730448,36790795,QFG,EUR,2019-06-05,5.54,5.6,5.54,5.6,3716,16,5.57585
BE0003730448,36790795,QFG,EUR,2019-06-06,5.54,5.6,5.54,5.54,9723,36,5.5533
BE0003730448,36790795,QFG,EUR,2019-06-07,5.6,5.62,5.6,5.6,1565,9,5.60975
BE0003730448,36790795,QFG,EUR,2019-06-10,5.6,5.7,5.6,5.62,4475,16,5.64495
BE0003730448,36790795,QFG,EUR,2019-06-11,5.6,5.76,5.6,5.76,3599,17,5.6813
BE0003730448,36790795,QFG,EUR,2019-06-12,5.78,5.78,5.68,5.72,5195,15,5.72205
BE0003730448,36790795,QFG,EUR,2019-06-13,5.7,5.8,5.68,5.68,10081,19,5.7386
BE0003730448,36790795,QFG,EUR,2019-06-14,5.68,5.68,5.64,5.64,6664,28,5.66695
BE0003730448,36790795,QFG,EUR,2019-06-17,5.66,5.76,5.64,5.72,2241,18,5.67185
BE0003730448,36790795,QFG,EUR,2019-06-18,5.64,5.66,5.6,5.66,3814,12,5.6225
BE0003730448,36790795,QFG,EUR,2019-06-19,5.62,5.7,5.62,5.62,5816,18,5.64965
BE0003730448,36790795,QFG,EUR,2019-06-20,5.64,5.66,5.62,5.64,4478,16,5.62795
BE0003730448,36790795,QFG,EUR,2019-06-21,5.6,5.74,5.6,5.62,13279,29,5.68635
BE0003730448,36790795,QFG,EUR,2019-06-24,5.64,5.72,5.64,5.7,1541,9,5.65535
BE0003730448,36790795,QFG,EUR,2019-06-25,5.7,5.74,5.7,5.74,2650,7,5.70145
BE0003730448,36790795,QFG,EUR,2019-06-26,5.76,5.76,5.7,5.74,505,6,5.7403
BE0003730448,36790795,QFG,EUR,2019-06-27,5.74,5.76,5.64,5.64,3697,17,5.7172
BE0003730448,36790795,QFG,EUR,2019-06-28,5.66,5.74,5.64,5.64,8245,20,5.68605
BE0003730448,36790795,QFG,EUR,2019-07-01,5.76,5.78,5.7,5.76,5543,21,5.74205
BE0003730448,36790795,QFG,EUR,2019-07-02,5.76,5.82,5.7,5.72,11513,29,5.7645
BE0003730448,36790795,QFG,EUR,2019-07-03,5.74,5.8,5.72,5.72,4330,17,5.75255
BE0003730448,36790795,QFG,EUR,2019-07-04,5.76,5.78,5.74,5.76,4209,15,5.7629
BE0003730448,36790795,QFG,EUR,2019-07-05,5.82,6.0,5.82,5.96,22720,67,5.92775
BE0003730448,36790795,QFG,EUR,2019-07-08,5.96,5.96,5.86,5.88,18036,49,5.92975
BE0003730448,36790795,QFG,EUR,2019-07-09,5.96,6.1,5.94,6.0,14641,37,5.99885
BE0003730448,36790795,QFG,EUR,2019-07-10,5.9,6.0,5.9,5.96,3733,7,5.96925
BE0003730448,36790795,QFG,EUR,2019-07-11,5.96,6.12,5.96,6.12,20724,34,6.04015
BE0003730448,36790795,QFG,EUR,2019-07-12,6.12,6.18,6.1,6.1,9338,27,6.12575
BE0003730448,36790795,QFG,EUR,2019-07-15,6.1,6.14,6.04,6.1,9025,19,6.09845
BE0003730448,36790795,QFG,EUR,2019-07-16,6.1,6.1,6.0,6.0,2148,14,6.06235
BE0003730448,36790795,QFG,EUR,2019-07-17,6.04,6.1,5.96,6.06,12553,21,6.0511
BE0003730448,36790795,QFG,EUR,2019-07-18,6.0,6.1,5.98,6.0,13684,35,6.02365
BE0003730448,36790795,QFG,EUR,2019-07-19,6.0,6.08,5.98,6.08,4669,8,6.0456
BE0003730448,36790795,QFG,EUR,2019-07-22,6.1,6.1,5.98,6.08,7127,18,5.99625
BE0003730448,36790795,QFG,EUR,2019-07-23,6.0,6.06,5.98,5.98,7144,19,6.0163
BE0003730448,36790795,QFG,EUR,2019-07-24,6.06,6.08,6.02,6.08,2913,9,6.06335
BE0003730448,36790795,QFG,EUR,2019-07-25,6.04,6.08,5.98,6.0,7086,22,6.023
BE0003730448,36790795,QFG,EUR,2019-07-26,6.08,6.16,6.04,6.04,14334,39,6.10535
BE0003730448,36790795,QFG,EUR,2019-07-29,6.16,6.2,6.02,6.02,14858,52,6.1285
BE0003730448,36790795,QFG,EUR,2019-07-30,6.02,6.1,6.02,6.02,4925,19,6.0392
BE0003730448,36790795,QFG,EUR,2019-07-31,6.02,6.18,6.02,6.1,5587,17,6.12545
BE0003730448,36790795,QFG,EUR,2019-08-01,6.16,6.16,6.04,6.04,6852,16,6.06585
BE0003730448,36790795,QFG,EUR,2019-08-02,6.06,6.14,5.98,5.98,17544,30,6.0341
BE0003730448,36790795,QFG,EUR,2019-08-05,6.0,6.04,5.92,6.0,12070,25,5.95125
BE0003730448,36790795,QFG,EUR,2019-08-06,5.9,5.98,5.88,5.98,4364,14,5.91205
BE0003730448,36790795,QFG,EUR,2019-08-07,5.92,6.0,5.86,5.98,4773,14,5.9385
BE0003730448,36790795,QFG,EUR,2019-08-08,5.86,6.04,5.86,6.04,2382,9,5.9907
BE0003730448,36790795,QFG,EUR,2019-08-09,6.04,6.04,5.82,5.82,16105,32,5.86305
BE0003730448,36790795,QFG,EUR,2019-08-12,5.9,5.92,5.84,5.84,2214,15,5.89555
BE0003730448,36790795,QFG,EUR,2019-08-13,5.94,5.94,5.72,5.74,18513,49,5.8016
BE0003730448,36790795,QFG,EUR,2019-08-14,5.74,5.88,5.74,5.76,7573,16,5.81395
BE0003730448,36790795,QFG,EUR,2019-08-15,5.68,5.72,5.64,5.72,17888,33,5.67625
BE0003730448,36790795,QFG,EUR,2019-08-16,5.72,5.74,5.62,5.62,24627,30,5.64795
BE0003730448,36790795,QFG,EUR,2019-08-19,5.6,5.6,5.56,5.56,27764,51,5.59925
BE0003730448,36790795,QFG,EUR,2019-08-20,5.7,5.78,5.58,5.58,13644,25,5.6931
BE0003730448,36790795,QFG,EUR,2019-08-21,5.56,5.6,5.56,5.58,7406,18,5.5943
BE0003730448,36790795,QFG,EUR,2019-08-22,5.58,5.6,5.52,5.56,18605,33,5.56815
BE0003730448,36790795,QFG,EUR,2019-08-23,5.56,5.6,5.54,5.58,13669,22,5.57575
BE0003730448,36790795,QFG,EUR,2019-08-26,5.6,5.6,5.54,5.58,3918,12,5.58355
BE0003730448,36790795,QFG,EUR,2019-08-27,5.54,5.6,5.52,5.6,8244,14,5.5378
BE0003730448,36790795,QFG,EUR,2019-08-28,5.54,5.6,5.52,5.6,3437,15,5.54635
BE0003730448,36790795,QFG,EUR,2019-08-29,5.6,5.6,5.52,5.6,4986,10,5.58075
BE0003730448,36790795,QFG,EUR,2019-08-30,5.6,5.6,5.56,5.58,6600,22,5.5947
BE0003730448,36790795,QFG,EUR,2019-09-02,5.6,5.6,5.56,5.58,8253,22,5.5877
BE0003730448,36790795,QFG,EUR,2019-09-03,5.6,5.62,5.56,5.6,5708,20,5.5899
BE0003730448,36790795,QFG,EUR,2019-09-04,5.56,5.64,5.54,5.6,6560,15,5.5587
BE0003730448,36790795,QFG,EUR,2019-09-05,5.64,5.66,5.6,5.6,15496,30,5.6136
BE0003730448,36790795,QFG,EUR,2019-09-06,5.58,5.68,5.56,5.6,12080,39,5.6078
BE0003730448,36790795,QFG,EUR,2019-09-09,5.62,5.68,5.56,5.68,15454,36,5.60905
BE0003730448,36790795,QFG,EUR,2019-09-10,5.7,5.7,5.6,5.6,2818,16,5.66445
BE0003730448,36790795,QFG,EUR,2019-09-11,5.76,5.76,5.6,5.66,5981,28,5.6582
BE0003730448,36790795,QFG,EUR,2019-09-12,5.72,5.72,5.62,5.62,6961,33,5.6596
BE0003730448,36790795,QFG,EUR,2019-09-13,5.76,5.76,5.64,5.66,9215,32,5.67445
BE0003730448,36790795,QFG,EUR,2019-09-16,5.76,5.76,5.6,5.6,24227,46,5.63455
BE0003730448,36790795,QFG,EUR,2019-09-17,5.6,5.6,5.56,5.56,8694,22,5.57975
BE0003730448,36790795,QFG,EUR,2019-09-18,5.58,5.6,5.54,5.6,20024,26,5.5768
BE0003730448,36790795,QFG,EUR,2019-09-19,5.56,5.6,5.54,5.58,7008,20,5.58605
BE0003730448,36790795,QFG,EUR,2019-09-20,5.56,5.62,5.54,5.62,4769,15,5.5792
BE0003730448,36790795,QFG,EUR,2019-09-23,5.64,5.7,5.58,5.58,4287,13,5.60815
BE0003730448,36790795,QFG,EUR,2019-09-24,5.66,5.68,5.58,5.58,2646,15,5.6366
BE0003730448,36790795,QFG,EUR,2019-09-25,5.58,5.66,5.56,5.64,6425,16,5.63865
BE0003730448,36790795,QFG,EUR,2019-09-26,5.56,5.66,5.56,5.66,1967,17,5.6336
BE0003730448,36790795,QFG,EUR,2019-09-27,5.66,5.66,5.56,5.64,14599,22,5.6424
BE0003730448,36790795,QFG,EUR,2019-09-30,5.58,5.66,5.58,5.66,3185,14,5.61365
BE0003730448,36790795,QFG,EUR,2019-10-01,5.6,5.66,5.58,5.6,4680,14,5.6008
BE0003730448,36790795,QFG,EUR,2019-10-02,5.58,5.6,5.54,5.58,12497,26,5.5757
BE0003730448,36790795,QFG,EUR,2019-10-03,5.6,5.66,5.56,5.64,9843,15,5.61575
BE0003730448,36790795,QFG,EUR,2019-10-04,5.66,5.66,5.54,5.62,11451,26,5.63335
BE0003730448,36790795,QFG,EUR,2019-10-07,5.66,5.66,5.56,5.56,8245,28,5.6304
BE0003730448,36790795,QFG,EUR,2019-10-08,5.6,5.62,5.54,5.54,10884,23,5.5632
BE0003730448,36790795,QFG,EUR,2019-10-09,5.54,5.64,5.54,5.58,5393,25,5.57015
BE0003730448,36790795,QFG,EUR,2019-10-10,5.54,5.64,5.54,5.56,9857,14,5.57205
BE0003730448,36790795,QFG,EUR,2019-10-11,5.58,5.68,5.54,5.66,22846,36,5.6417
BE0003730448,36790795,QFG,EUR,2019-10-14,5.66,5.7,5.66,5.66,467,3,5.6756
BE0003730448,36790795,QFG,EUR,2019-10-15,5.66,5.68,5.6,5.6,3504,11,5.6542
BE0003730448,36790795,QFG,EUR,2019-10-16,5.6,5.66,5.5,5.5,56780,85,5.52305
BE0003730448,36790795,QFG,EUR,2019-10-17,5.66,5.66,5.48,5.48,15951,36,5.53525
BE0003730448,36790795,QFG,EUR,2019-10-18,5.5,5.5,5.46,5.48,16949,42,5.4943
BE0003730448,36790795,QFG,EUR,2019-10-21,5.6,5.6,5.44,5.5,22702,36,5.5257
BE0003730448,36790795,QFG,EUR,2019-10-22,5.5,5.6,5.46,5.6,8723,26,5.5177
BE0003730448,36790795,QFG,EUR,2019-10-23,5.5,5.58,5.48,5.48,21202,43,5.5157
BE0003730448,36790795,QFG,EUR,2019-10-24,5.5,5.54,5.46,5.54,8989,19,5.4966
BE0003730448,36790795,QFG,EUR,2019-10-25,5.54,5.54,5.52,5.54,33402,66,5.539
BE0003730448,36790795,QFG,EUR,2019-10-28,5.54,5.56,5.5,5.52,44212,64,5.5377
BE0003730448,36790795,QFG,EUR,2019-10-29,5.56,5.6,5.5,5.5,18791,47,5.53895
BE0003730448,36790795,QFG,EUR,2019-10-30,5.54,5.58,5.5,5.58,22363,41,5.535
BE0003730448,36790795,QFG,EUR,2019-10-31,5.56,5.56,5.5,5.56,15129,26,5.53585
BE0003730448,36790795,QFG,EUR,2019-11-01,5.56,5.62,5.5,5.62,5678,25,5.5671
BE0003730448,36790795,QFG,EUR,2019-11-04,5.66,5.68,5.54,5.68,19121,43,5.63655
BE0003730448,36790795,QFG,EUR,2019-11-05,5.68,5.68,5.64,5.64,4457,16,5.67255
BE0003730448,36790795,QFG,EUR,2019-11-06,5.66,5.88,5.64,5.72,27683,57,5.767
BE0003730448,36790795,QFG,EUR,2019-11-07,5.74,5.86,5.74,5.8,7766,27,5.8214
BE0003730448,36790795,QFG,EUR,2019-11-08,5.88,5.94,5.8,5.92,13232,43,5.8844
BE0003730448,36790795,QFG,EUR,2019-11-11,5.9,5.9,5.88,5.9,4223,11,5.8981
BE0003730448,36790795,QFG,EUR,2019-11-12,5.9,5.92,5.86,5.9,6767,16,5.88455
BE0003730448,36790795,QFG,EUR,2019-11-13,5.86,5.96,5.86,5.96,9531,28,5.9275
BE0003730448,36790795,QFG,EUR,2019-11-14,5.96,5.96,5.88,5.88,5700,12,5.92955
BE0003730448,36790795,QFG,EUR,2019-11-15,5.9,5.9,5.84,5.84,5070,13,5.87755
BE0003730448,36790795,QFG,EUR,2019-11-18,5.9,5.94,5.86,5.86,7623,23,5.885
BE0003730448,36790795,QFG,EUR,2019-11-19,5.92,5.94,5.88,5.94,294,4,5.93715
BE0003730448,36790795,QFG,EUR,2019-11-20,5.9,5.94,5.86,5.86,6166,14,5.87255
BE0003730448,36790795,QFG,EUR,2019-11-21,5.84,5.9,5.84,5.88,2304,17,5.8571
BE0003730448,36790795,QFG,EUR,2019-11-22,5.84,5.88,5.8,5.82,7493,22,5.83205
BE0003730448,36790795,QFG,EUR,2019-11-25,5.82,5.88,5.8,5.8,4671,13,5.8399
BE0003730448,36790795,QFG,EUR,2019-11-26,5.8,5.86,5.8,5.8,2907,9,5.80215
BE0003730448,36790795,QFG,EUR,2019-11-27,5.8,5.86,5.8,5.8,2952,12,5.805
BE0003730448,36790795,QFG,EUR,2019-11-28,5.86,5.86,5.78,5.86,5646,20,5.8096
BE0003730448,36790795,QFG,EUR,2019-11-29,5.86,5.86,5.8,5.8,3280,8,5.8523
BE0003730448,36790795,QFG,EUR,2019-12-02,5.86,5.88,5.8,5.86,5008,11,5.8431
BE0003730448,36790795,QFG,EUR,2019-12-03,5.8,5.84,5.78,5.78,6736,15,5.7981
BE0003730448,36790795,QFG,EUR,2019-12-04,5.78,5.8,5.74,5.74,3441,15,5.77115
BE0003730448,36790795,QFG,EUR,2019-12-05,5.72,5.78,5.7,5.7,2466,14,5.73545
BE0003730448,36790795,QFG,EUR,2019-12-06,5.74,5.84,5.74,5.76,11801,42,5.78975
BE0003730448,36790795,QFG,EUR,2019-12-09,5.86,5.86,5.76,5.82,4792,18,5.81525
BE0003730448,36790795,QFG,EUR,2019-12-10,5.8,5.86,5.7,5.78,25078,37,5.7515
BE0003730448,36790795,QFG,EUR,2019-12-11,5.72,5.84,5.66,5.8,11136,23,5.7269
BE0003730448,36790795,QFG,EUR,2019-12-12,5.74,5.84,5.74,5.84,3691,12,5.76315
BE0003730448,36790795,QFG,EUR,2019-12-13,5.84,5.88,5.76,5.78,6413,21,5.8277
BE0003730448,36790795,QFG,EUR,2019-12-16,5.76,5.84,5.76,5.82,5514,15,5.7758
BE0003730448,36790795,QFG,EUR,2019-12-17,5.82,5.86,5.82,5.82,4117,13,5.84745
BE0003730448,36790795,QFG,EUR,2019-12-18,5.82,5.94,5.82,5.84,10524,26,5.8635
BE0003730448,36790795,QFG,EUR,2019-12-19,5.9,5.92,5.82,5.82,6181,20,5.8497
BE0003730448,36790795,QFG,EUR,2019-12-20,5.9,5.94,5.84,5.84,6786,27,5.8898
BE0003730448,36790795,QFG,EUR,2019-12-23,5.9,5.9,5.86,5.9,3412,16,5.87335
BE0003730448,36790795,QFG,EUR,2019-12-24,5.9,5.9,5.88,5.88,3637,9,5.8945
BE0003730448,36790795,QFG,EUR,2019-12-27,5.9,5.92,5.86,5.92,5265,20,5.9078
BE0003730448,36790795,QFG,EUR,2019-12-30,5.92,5.98,5.88,5.92,22070,43,5.9432
BE0003730448,36790795,QFG,EUR,2019-12-31,5.92,5.96,5.9,5.9,1504,8,5.9138
BE0003730448,36790795,QFG,EUR,2020-01-02,5.96,5.98,5.9,5.9,2802,16,5.95068
BE0003730448,36790795,QFG,EUR,2020-01-03,6.0,6.0,5.9,5.9,8240,22,5.96256
BE0003730448,36790795,QFG,EUR,2020-01-06,5.9,5.9,5.84,5.9,12207,25,5.89588
BE0003730448,36790795,QFG,EUR,2020-01-07,5.9,5.94,5.86,5.92,8455,19,5.8901
BE0003730448,36790795,QFG,EUR,2020-01-08,5.9,5.9,5.86,5.88,4839,14,5.89012
BE0003730448,36790795,QFG,EUR,2020-01-09,5.86,5.96,5.86,5.9,13251,36,5.90914
BE0003730448,36790795,QFG,EUR,2020-01-10,5.96,6.04,5.96,6.0,17051,65,5.9946
BE0003730448,36790795,QFG,EUR,2020-01-13,6.06,6.06,5.98,5.98,10582,40,6.02244
BE0003730448,36790795,QFG,EUR,2020-01-14,6.0,6.08,6.0,6.0,11567,33,6.03266
BE0003730448,36790795,QFG,EUR,2020-01-15,6.0,6.1,6.0,6.08,8247,26,6.06418
BE0003730448,36790795,QFG,EUR,2020-01-16,6.02,6.1,6.02,6.02,7477,29,6.05378
BE0003730448,36790795,QFG,EUR,2020-01-17,6.08,6.08,6.0,6.08,10321,27,6.03602
BE0003730448,36790795,QFG,EUR,2020-01-20,6.02,6.08,6.02,6.06,3199,13,6.0424
BE0003730448,36790795,QFG,EUR,2020-01-21,6.04,6.04,6.02,6.04,4190,12,6.02548
BE0003730448,36790795,QFG,EUR,2020-01-22,6.02,6.08,6.0,6.02,6173,33,6.02888
BE0003730448,36790795,QFG,EUR,2020-01-23,6.02,6.08,6.02,6.06,6339,31,6.04352
BE0003730448,36790795,QFG,EUR,2020-01-24,5.98,6.04,5.92,6.0,38813,75,5.97298
BE0003730448,36790795,QFG,EUR,2020-01-27,5.98,6.0,5.92,5.92,30606,86,5.95746
BE0003730448,36790795,QFG,EUR,2020-01-28,5.92,6.0,5.86,6.0,25999,44,5.9279
BE0003730448,36790795,QFG,EUR,2020-01-29,5.92,5.98,5.9,5.96,6953,21,5.93732
BE0003730448,36790795,QFG,EUR,2020-01-30,5.98,5.98,5.92,5.98,5627,14,5.9521
BE0003730448,36790795,QFG,EUR,2020-01-31,5.98,5.98,5.92,5.92,6609,15,5.9419
BE0003730448,36790795,QFG,EUR,2020-02-03,5.9,5.98,5.9,5.98,8082,27,5.90258
BE0003730448,36790795,QFG,EUR,2020-02-04,5.9,5.98,5.9,5.92,12680,28,5.93806
BE0003730448,36790795,QFG,EUR,2020-02-05,5.96,6.0,5.94,5.94,17504,43,5.97452
BE0003730448,36790795,QFG,EUR,2020-02-06,6.0,6.06,5.96,5.96,16026,41,5.99812
BE0003730448,36790795,QFG,EUR,2020-02-07,6.0,6.0,5.92,6.0,11191,22,5.9774
BE0003730448,36790795,QFG,EUR,2020-02-10,6.0,6.0,5.92,5.98,10670,32,5.95142
BE0003730448,36790795,QFG,EUR,2020-02-11,6.0,6.02,5.92,5.96,8664,25,5.98866
BE0003730448,36790795,QFG,EUR,2020-02-12,5.98,6.02,5.96,6.02,11136,21,6.00138
BE0003730448,36790795,QFG,EUR,2020-02-13,6.0,6.08,5.94,6.0,25867,41,6.00516
BE0003730448,36790795,QFG,EUR,2020-02-14,5.94,6.02,5.94,6.0,1192,13,5.98494
BE0003730448,36790795,QFG,EUR,2020-02-17,6.04,6.04,6.0,6.0,6567,20,6.02034
BE0003730448,36790795,QFG,EUR,2020-02-18,6.0,6.0,5.94,5.96,8031,25,5.95916
BE0003730448,36790795,QFG,EUR,2020-02-19,5.96,6.02,5.92,5.92,9520,24,5.92886
BE0003730448,36790795,QFG,EUR,2020-02-20,5.92,6.0,5.92,5.92,3223,15,5.92538
BE0003730448,36790795,QFG,EUR,2020-02-21,5.92,6.02,5.9,6.0,17063,70,5.95596
BE0003730448,36790795,QFG,EUR,2020-02-24,5.98,5.98,5.84,5.84,21107,50,5.86326
BE0003730448,36790795,QFG,EUR,2020-02-25,5.8,5.9,5.8,5.8,13602,32,5.80838
BE0003730448,36790795,QFG,EUR,2020-02-26,5.76,5.84,5.72,5.78,24570,66,5.769
BE0003730448,36790795,QFG,EUR,2020-02-27,5.72,5.8,5.7,5.7,12754,42,5.71098
BE0003730448,36790795,QFG,EUR,2020-02-28,5.6,5.6,5.2,5.3,54833,166,5.41328
BE0003730448,36790795,QFG,EUR,2020-03-02,5.4,5.54,5.34,5.4,22440,72,5.41936
BE0003730448,36790795,QFG,EUR,2020-03-03,5.5,5.64,5.5,5.6,7530,26,5.5485
BE0003730448,36790795,QFG,EUR,2020-03-04,5.66,5.66,5.54,5.64,11383,25,5.62522
BE0003730448,36790795,QFG,EUR,2020-03-05,5.6,5.66,5.54,5.62,4916,19,5.5797
BE0003730448,36790795,QFG,EUR,2020-03-06,5.6,5.6,5.38,5.5,33190,58,5.48434
BE0003730448,36790795,QFG,EUR,2020-03-09,5.3,5.3,5.12,5.12,44119,71,5.21998
BE0003730448,36790795,QFG,EUR,2020-03-10,5.2,5.34,5.18,5.2,13727,48,5.25924
BE0003730448,36790795,QFG,EUR,2020-03-11,5.2,5.38,5.1,5.2,10753,26,5.16594
BE0003730448,36790795,QFG,EUR,2020-03-12,5.1,5.18,4.75,4.75,41707,106,4.93128
BE0003730448,36790795,QFG,EUR,2020-03-13,4.63,5.04,4.5,4.75,20949,71,4.70522
BE0003730448,36790795,QFG,EUR,2020-03-16,4.5,4.67,4.1,4.32,36662,93,4.34484
BE0003730448,36790795,QFG,EUR,2020-03-17,4.0,4.45,4.0,4.13,12549,46,4.12018
BE0003730448,36790795,QFG,EUR,2020-03-18,4.38,4.4,4.18,4.29,6242,37,4.31684
BE0003730448,36790795,QFG,EUR,2020-03-19,4.39,4.45,4.29,4.44,7084,29,4.38998
BE0003730448,36790795,QFG,EUR,2020-03-20,4.45,4.85,4.45,4.65,24734,56,4.62648
BE0003730448,36790795,QFG,EUR,2020-03-23,4.5,4.78,4.5,4.53,18823,37,4.66918
BE0003730448,36790795,QFG,EUR,2020-03-24,4.63,4.76,4.49,4.55,15699,48,4.55468
BE0003730448,36790795,QFG,EUR,2020-03-25,4.6,4.8,4.56,4.56,10302,44,4.67142
BE0003730448,36790795,QFG,EUR,2020-03-26,4.66,4.77,4.53,4.57,8541,35,4.6108
BE0003730448,36790795,QFG,EUR,2020-03-27,4.53,4.6,4.3,4.3,15285,59,4.48596
BE0003730448,36790795,QFG,EUR,2020-03-30,4.45,4.59,4.36,4.44,6603,25,4.46774
BE0003730448,36790795,QFG,EUR,2020-03-31,4.55,4.75,4.5,4.52,7091,36,4.55892
BE0003730448,36790795,QFG,EUR,2020-04-01,4.7,4.7,4.4,4.45,6818,30,4.52042
BE0003730448,36790795,QFG,EUR,2020-04-02,4.55,4.67,4.47,4.47,12424,38,4.5464
BE0003730448,36790795,QFG,EUR,2020-04-03,4.6,4.74,4.52,4.6,16785,54,4.59556
BE0003730448,36790795,QFG,EUR,2020-04-06,4.89,5.0,4.88,4.9,25009,81,4.9342
BE0003730448,36790795,QFG,EUR,2020-04-07,5.16,5.16,5.0,5.0,25800,78,5.04398
BE0003730448,36790795,QFG,EUR,2020-04-08,5.0,5.08,5.0,5.06,7471,22,5.0342
BE0003730448,36790795,QFG,EUR,2020-04-09,5.08,5.1,4.99,5.04,19272,50,5.03846
BE0003730448,36790795,QFG,EUR,2020-04-14,5.06,5.1,5.0,5.08,11106,30,5.05252
BE0003730448,36790795,QFG,EUR,2020-04-15,5.06,5.06,4.98,4.98,5717,23,5.01402
BE0003730448,36790795,QFG,EUR,2020-04-16,5.0,5.02,4.95,5.0,8637,17,4.97676
BE0003730448,36790795,QFG,EUR,2020-04-17,5.04,5.06,4.96,4.98,3882,14,5.0155
BE0003730448,36790795,QFG,EUR,2020-04-20,5.0,5.04,4.99,5.0,9768,26,4.99986
BE0003730448,36790795,QFG,EUR,2020-04-21,5.08,5.08,4.98,4.99,8236,25,5.00952
BE0003730448,36790795,QFG,EUR,2020-04-22,4.98,5.0,4.96,5.0,1616,14,4.9759
BE0003730448,36790795,QFG,EUR,2020-04-23,5.0,5.06,4.95,5.0,8249,25,4.97815
BE0003730448,36790795,QFG,EUR,2020-04-24,4.99,5.0,4.87,4.87,5128,24,4.92855
BE0003730448,36790795,QFG,EUR,2020-04-27,4.87,4.97,4.87,4.92,5931,23,4.9501
BE0003730448,36790795,QFG,EUR,2020-04-28,4.95,4.97,4.91,4.96,11165,27,4.95705
BE0003730448,36790795,QFG,EUR,2020-04-29,4.94,4.99,4.9,4.95,16407,32,4.95635
BE0003730448,36790795,QFG,EUR,2020-04-30,4.95,4.99,4.95,4.99,5024,14,4.9572
BE0003730448,36790795,QFG,EUR,2020-05-04,4.96,4.97,4.85,4.89,10667,33,4.91355
BE0003730448,36790795,QFG,EUR,2020-05-05,5.0,5.0,4.95,4.97,3056,13,4.96425
BE0003730448,36790795,QFG,EUR,2020-05-06,5.08,5.08,4.95,4.95,8119,19,4.9818
BE0003730448,36790795,QFG,EUR,2020-05-07,4.98,4.99,4.9,4.96,8494,13,4.9461
BE0003730448,36790795,QFG,EUR,2020-05-08,5.04,5.06,4.93,4.93,18066,39,4.9787
BE0003730448,36790795,QFG,EUR,2020-05-11,4.94,4.94,4.81,4.81,16906,46,4.86135
BE0003730448,36790795,QFG,EUR,2020-05-12,4.81,4.89,4.81,4.89,4705,20,4.86445
BE0003730448,36790795,QFG,EUR,2020-05-13,4.82,4.86,4.8,4.8,7261,10,4.81215
BE0003730448,36790795,QFG,EUR,2020-05-14,4.82,4.84,4.8,4.8,5369,17,4.8014
BE0003730448,36790795,QFG,EUR,2020-05-15,4.8,4.8,4.75,4.79,4112,14,4.76045
BE0003730448,36790795,QFG,EUR,2020-05-18,4.75,4.83,4.75,4.8,9878,35,4.78095
BE0003730448,36790795,QFG,EUR,2020-05-19,4.76,4.78,4.71,4.78,6675,22,4.74685
BE0003730448,36790795,QFG,EUR,2020-05-20,4.71,4.8,4.71,4.8,4694,11,4.7233
BE0003730448,36790795,QFG,EUR,2020-05-21,4.76,4.77,4.73,4.77,1868,8,4.75335
BE0003730448,36790795,QFG,EUR,2020-05-22,4.78,4.78,4.73,4.73,304,2,4.75745
BE0003730448,36790795,QFG,EUR,2020-05-25,4.79,4.8,4.73,4.8,6057,21,4.77115
BE0003730448,36790795,QFG,EUR,2020-05-26,4.8,4.9,4.76,4.89,8933,19,4.83545
BE0003730448,36790795,QFG,EUR,2020-05-27,4.81,4.89,4.81,4.82,6502,32,4.8496
BE0003730448,36790795,QFG,EUR,2020-05-28,4.84,4.9,4.75,4.81,17002,42,4.8294
BE0003730448,36790795,QFG,EUR,2020-05-29,4.9,4.9,4.55,4.66,57254,106,4.69205
BE0003730448,36790795,QFG,EUR,2020-06-01,4.67,4.82,4.67,4.78,5237,24,4.77335
BE0003730448,36790795,QFG,EUR,2020-06-02,4.76,4.89,4.76,4.86,9255,25,4.86115
BE0003730448,36790795,QFG,EUR,2020-06-03,4.88,4.99,4.82,4.96,25690,55,4.88985
BE0003730448,36790795,QFG,EUR,2020-06-04,4.97,4.98,4.95,4.97,11481,29,4.96225
BE0003730448,36790795,QFG,EUR,2020-06-05,4.97,5.38,4.97,5.18,25287,70,5.10035
BE0003730448,36790795,QFG,EUR,2020-06-08,5.2,5.2,5.06,5.06,6938,22,5.1454
BE0003730448,36790795,QFG,EUR,2020-06-09,5.04,5.1,5.0,5.08,7024,30,5.02595
BE0003730448,36790795,QFG,EUR,2020-06-10,5.1,5.1,5.02,5.02,3856,12,5.04425
BE0003730448,36790795,QFG,EUR,2020-06-11,5.0,5.08,4.97,4.97,17000,25,4.9983
BE0003730448,36790795,QFG,EUR,2020-06-12,4.97,5.06,4.97,5.06,3716,10,5.0157
BE0003730448,36790795,QFG,EUR,2020-06-15,5.02,5.08,4.91,5.08,6962,19,5.01295
BE0003730448,36790795,QFG,EUR,2020-06-16,5.02,5.1,5.02,5.08,4011,18,5.0357
BE0003730448,36790795,QFG,EUR,2020-06-17,5.1,5.1,5.04,5.08,4752,15,5.0796
BE0003730448,36790795,QFG,EUR,2020-06-18,5.12,5.28,5.12,5.24,36059,74,5.1923
BE0003730448,36790795,QFG,EUR,2020-06-19,5.24,5.28,5.24,5.28,4755,13,5.2602
BE0003730448,36790795,QFG,EUR,2020-06-22,5.24,5.3,5.24,5.24,8610,23,5.24845
BE0003730448,36790795,QFG,EUR,2020-06-23,5.22,5.28,5.18,5.28,6758,22,5.2299
BE0003730448,36790795,QFG,EUR,2020-06-24,5.28,5.28,5.18,5.18,6949,20,5.20505
BE0003730448,36790795,QFG,EUR,2020-06-25,5.16,5.22,5.16,5.16,857,6,5.1761
BE0003730448,36790795,QFG,EUR,2020-06-26,5.22,5.24,5.16,5.2,1729,7,5.21695
BE0003730448,36790795,QFG,EUR,2020-06-29,5.28,5.28,5.16,5.18,7625,21,5.23735
BE0003730448,36790795,QFG,EUR,2020-06-30,5.18,5.24,5.16,5.24,1521,10,5.2176
BE0003730448,36790795,QFG,EUR,2020-07-01,5.24,5.26,5.16,5.24,6968,23,5.18095
BE0003730448,36790795,QFG,EUR,2020-07-02,5.24,5.28,5.12,5.12,16593,32,5.21105
BE0003730448,36790795,QFG,EUR,2020-07-03,5.32,5.7,5.2,5.5,58051,179,5.48055
BE0003730448,36790795,QFG,EUR,2020-07-06,5.74,5.76,5.62,5.76,24495,87,5.7066
BE0003730448,36790795,QFG,EUR,2020-07-07,5.7,5.7,5.6,5.66,14431,43,5.6413
BE0003730448,36790795,QFG,EUR,2020-07-08,5.66,5.66,5.54,5.64,5132,27,5.61375
BE0003730448,36790795,QFG,EUR,2020-07-09,5.64,5.66,5.54,5.6,2315,9,5.59945
BE0003730448,36790795,QFG,EUR,2020-07-10,5.64,5.64,5.56,5.6,2548,14,5.6039
BE0003730448,36790795,QFG,EUR,2020-07-13,5.68,5.7,5.62,5.7,9173,19,5.68675
BE0003730448,36790795,QFG,EUR,2020-07-14,5.54,5.6,5.54,5.58,6253,20,5.55255
BE0003730448,36790795,QFG,EUR,2020-07-15,5.6,5.64,5.54,5.64,3841,14,5.5799
BE0003730448,36790795,QFG,EUR,2020-07-16,5.58,5.58,5.54,5.58,4528,18,5.5777
BE0003730448,36790795,QFG,EUR,2020-07-17,5.58,5.66,5.54,5.54,7738,15,5.54745
BE0003730448,36790795,QFG,EUR,2020-07-20,5.54,5.6,5.5,5.5,5305,20,5.54345
BE0003730448,36790795,QFG,EUR,2020-07-21,5.5,5.68,5.5,5.68,12313,24,5.6036
BE0003730448,36790795,QFG,EUR,2020-07-22,5.58,5.64,5.52,5.52,5733,22,5.56245
BE0003730448,36790795,QFG,EUR,2020-07-23,5.52,5.6,5.5,5.5,8078,18,5.51615
BE0003730448,36790795,QFG,EUR,2020-07-24,5.48,5.54,5.4,5.54,8647,23,5.4238
BE0003730448,36790795,QFG,EUR,2020-07-27,5.5,5.5,5.34,5.38,6422,24,5.4188
BE0003730448,36790795,QFG,EUR,2020-07-28,5.38,5.5,5.38,5.42,7942,23,5.4271
BE0003730448,36790795,QFG,EUR,2020-07-29,5.48,5.5,5.42,5.5,4647,17,5.48625
BE0003730448,36790795,QFG,EUR,2020-07-30,5.46,5.52,5.4,5.48,8265,27,5.4668
BE0003730448,36790795,QFG,EUR,2020-07-31,5.44,5.5,5.38,5.5,5381,18,5.44035
BE0003730448,36790795,QFG,EUR,2020-08-03,5.38,5.56,5.38,5.56,8588,27,5.4894
BE0003730448,36790795,QFG,EUR,2020-08-04,5.5,5.56,5.5,5.56,691,6,5.5239
BE0003730448,36790795,QFG,EUR,2020-08-05,5.5,5.6,5.5,5.54,3093,10,5.5593
BE0003730448,36790795,QFG,EUR,2020-08-06,5.52,5.62,5.52,5.62,4882,19,5.55695
BE0003730448,36790795,QFG,EUR,2020-08-07,5.64,5.64,5.54,5.6,2297,16,5.59415
BE0003730448,36790795,QFG,EUR,2020-08-10,5.68,5.68,5.6,5.6,888,9,5.652
BE0003730448,36790795,QFG,EUR,2020-08-11,5.66,5.68,5.64,5.66,3636,16,5.6581
BE0003730448,36790795,QFG,EUR,2020-08-12,5.64,5.68,5.64,5.68,4021,9,5.67655
BE0003730448,36790795,QFG,EUR,2020-08-13,5.64,5.68,5.64,5.64,829,7,5.6469
BE0003730448,36790795,QFG,EUR,2020-08-14,5.62,5.62,5.58,5.6,2693,10,5.59895
BE0003730448,36790795,QFG,EUR,2020-08-17,5.6,5.7,5.6,5.7,6778,26,5.6727
BE0003730448,36790795,QFG,EUR,2020-08-18,5.7,5.7,5.68,5.7,2936,13,5.6976
BE0003730448,36790795,QFG,EUR,2020-08-19,5.68,5.74,5.68,5.68,837,6,5.68495
BE0003730448,36790795,QFG,EUR,2020-08-20,5.7,5.7,5.68,5.7,532,4,5.69355
BE0003730448,36790795,QFG,EUR,2020-08-21,5.7,5.7,5.7,5.7,0,0,5.7
BE0003730448,36790795,QFG,EUR,2020-08-24,5.68,5.7,5.58,5.66,7450,21,5.624
BE0003730448,36790795,QFG,EUR,2020-08-25,5.6,5.64,5.6,5.6,6067,10,5.6132
BE0003730448,36790795,QFG,EUR,2020-08-26,5.66,5.66,5.6,5.6,1295,5,5.60905
BE0003730448,36790795,QFG,EUR,2020-08-27,5.58,5.66,5.58,5.6,4202,14,5.58245
BE0003730448,36790795,QFG,EUR,2020-08-28,5.66,5.66,5.58,5.64,2580,10,5.61985
BE0003730448,36790795,QFG,EUR,2020-08-31,5.68,5.68,5.54,5.54,20968,37,5.60595
BE0003730448,36790795,QFG,EUR,2020-09-01,5.66,5.66,5.4,5.42,29342,48,5.4788
BE0003730448,36790795,QFG,EUR,2020-09-02,5.48,5.5,5.46,5.5,10835,16,5.49435
BE0003730448,36790795,QFG,EUR,2020-09-03,5.52,5.54,5.46,5.52,18069,23,5.52455
BE0003730448,36790795,QFG,EUR,2020-09-04,5.56,5.6,5.54,5.56,8538,23,5.56435
BE0003730448,36790795,QFG,EUR,2020-09-07,5.6,5.62,5.56,5.58,7840,19,5.58345
BE0003730448,36790795,QFG,EUR,2020-09-08,5.58,5.6,5.56,5.6,2698,11,5.565
BE0003730448,36790795,QFG,EUR,2020-09-09,5.6,5.6,5.56,5.56,707,7,5.56985
BE0003730448,36790795,QFG,EUR,2020-09-10,5.62,5.62,5.56,5.6,3225,6,5.60155
BE0003730448,36790795,QFG,EUR,2020-09-11,5.6,5.64,5.6,5.6,3632,14,5.6177
BE0003730448,36790795,QFG,EUR,2020-09-14,5.62,5.66,5.6,5.66,5313,23,5.6429
BE0003730448,36790795,QFG,EUR,2020-09-15,5.68,5.68,5.6,5.6,4464,19,5.6241
BE0003730448,36790795,QFG,EUR,2020-09-16,5.68,5.68,5.6,5.62,3890,14,5.64285
BE0003730448,36790795,QFG,EUR,2020-09-17,5.64,5.66,5.62,5.66,5385,8,5.64455
BE0003730448,36790795,QFG,EUR,2020-09-18,5.62,5.68,5.6,5.68,4210,15,5.6162
BE0003730448,36790795,QFG,EUR,2020-09-21,5.68,5.68,5.56,5.56,11835,25,5.6155
BE0003730448,36790795,QFG,EUR,2020-09-22,5.5,5.6,5.5,5.6,3626,11,5.5072
BE0003730448,36790795,QFG,EUR,2020-09-23,5.54,5.6,5.52,5.52,1592,6,5.5411
BE0003730448,36790795,QFG,EUR,2020-09-24,5.54,5.58,5.52,5.58,715,4,5.53425
BE0003730448,36790795,QFG,EUR,2020-09-25,5.58,5.58,5.52,5.52,5556,10,5.52805
BE0003730448,36790795,QFG,EUR,2020-09-28,5.52,5.56,5.5,5.54,5195,24,5.51095
BE0003730448,36790795,QFG,EUR,2020-09-29,5.5,5.52,5.46,5.5,2026,14,5.4978
BE0003730448,36790795,QFG,EUR,2020-09-30,5.5,5.54,5.48,5.5,1101,7,5.50705
BE0003730448,36790795,QFG,EUR,2020-10-01,5.46,5.52,5.46,5.5,1960,11,5.5111
BE0003730448,36790795,QFG,EUR,2020-10-02,5.5,5.54,5.46,5.48,3319,15,5.4804
BE0003730448,36790795,QFG,EUR,2020-10-05,5.4,5.56,5.4,5.52,5410,19,5.47585
BE0003730448,36790795,QFG,EUR,2020-10-06,5.58,5.58,5.5,5.5,6669,26,5.53785
BE0003730448,36790795,QFG,EUR,2020-10-07,5.56,5.62,5.36,5.6,25687,52,5.5109
BE0003730448,36790795,QFG,EUR,2020-10-08,5.6,5.6,5.46,5.58,14001,38,5.5055
BE0003730448,36790795,QFG,EUR,2020-10-09,5.66,5.68,5.6,5.68,8250,34,5.65065
BE0003730448,36790795,QFG,EUR,2020-10-12,5.62,5.64,5.58,5.64,9748,21,5.6035
BE0003730448,36790795,QFG,EUR,2020-10-13,5.58,5.6,5.52,5.58,4746,16,5.57485
BE0003730448,36790795,QFG,EUR,2020-10-14,5.54,5.56,5.46,5.5,5199,19,5.49895
BE0003730448,36790795,QFG,EUR,2020-10-15,5.48,5.56,5.42,5.42,6613,21,5.45295
BE0003730448,36790795,QFG,EUR,2020-10-16,5.44,5.52,5.42,5.44,4726,12,5.454
BE0003730448,36790795,QFG,EUR,2020-10-19,5.44,5.52,5.44,5.44,4144,17,5.4803
BE0003730448,36790795,QFG,EUR,2020-10-20,5.54,5.54,5.44,5.54,1934,11,5.4966
BE0003730448,36790795,QFG,EUR,2020-10-21,5.5,5.56,5.48,5.5,16735,39,5.51075
BE0003730448,36790795,QFG,EUR,2020-10-22,5.5,5.54,5.4,5.4,14565,18,5.4852
BE0003730448,36790795,QFG,EUR,2020-10-23,5.4,5.5,5.32,5.42,14585,30,5.3797
BE0003730448,36790795,QFG,EUR,2020-10-26,5.44,5.44,5.3,5.34,8907,24,5.32585
BE0003730448,36790795,QFG,EUR,2020-10-27,5.32,5.4,5.32,5.32,3224,14,5.374
BE0003730448,36790795,QFG,EUR,2020-10-28,5.32,5.4,5.2,5.28,13290,34,5.2878
BE0003730448,36790795,QFG,EUR,2020-10-29,5.28,5.28,5.2,5.26,7393,18,5.25125
BE0003730448,36790795,QFG,EUR,2020-10-30,5.26,5.26,5.2,5.24,8829,19,5.25635
BE0003730448,36790795,QFG,EUR,2020-11-02,5.26,5.28,5.24,5.26,13586,23,5.2706
BE0003730448,36790795,QFG,EUR,2020-11-03,5.28,5.5,5.28,5.44,20039,48,5.3694
BE0003730448,36790795,QFG,EUR,2020-11-04,5.48,5.5,5.42,5.48,2243,12,5.4769
BE0003730448,36790795,QFG,EUR,2020-11-05,5.48,5.54,5.44,5.46,11791,23,5.49285
BE0003730448,36790795,QFG,EUR,2020-11-06,5.46,5.52,5.46,5.46,2378,14,5.47175
BE0003730448,36790795,QFG,EUR,2020-11-09,5.5,5.66,5.5,5.58,41124,81,5.58515
BE0003730448,36790795,QFG,EUR,2020-11-10,5.66,5.68,5.58,5.6,14715,54,5.6534
BE0003730448,36790795,QFG,EUR,2020-11-11,5.6,5.68,5.6,5.64,6039,21,5.65835
BE0003730448,36790795,QFG,EUR,2020-11-12,5.64,5.7,5.64,5.64,9165,21,5.6855
BE0003730448,36790795,QFG,EUR,2020-11-13,5.7,5.7,5.6,5.68,4260,17,5.65285
BE0003730448,36790795,QFG,EUR,2020-11-16,5.86,5.88,5.76,5.88,22451,52,5.84195
BE0003730448,36790795,QFG,EUR,2020-11-17,5.9,5.9,5.78,5.78,13867,32,5.86915
BE0003730448,36790795,QFG,EUR,2020-11-18,5.86,5.94,5.8,5.92,5010,19,5.8984
BE0003730448,36790795,QFG,EUR,2020-11-19,5.9,5.92,5.82,5.84,2226,13,5.8774
BE0003730448,36790795,QFG,EUR,2020-11-20,5.84,5.88,5.84,5.86,2606,12,5.8599
BE0003730448,36790795,QFG,EUR,2020-11-23,5.84,5.96,5.76,5.9,13699,38,5.8868
BE0003730448,36790795,QFG,EUR,2020-11-24,5.9,6.02,5.9,5.94,22119,40,5.97195
BE0003730448,36790795,QFG,EUR,2020-11-25,6.02,6.04,5.96,6.0,8496,24,5.9935
BE0003730448,36790795,QFG,EUR,2020-11-26,6.0,6.0,5.96,5.96,5369,16,5.99925
BE0003730448,36790795,QFG,EUR,2020-11-27,6.04,6.06,5.98,6.04,11420,25,6.033
BE0003730448,36790795,QFG,EUR,2020-11-30,6.04,6.04,5.96,5.96,9368,27,6.02295
BE0003730448,36790795,QFG,EUR,2020-12-01,6.04,6.08,5.98,6.06,16205,35,6.0456
BE0003730448,36790795,QFG,EUR,2020-12-02,6.1,6.1,6.06,6.06,2713,18,6.08415
BE0003730448,36790795,QFG,EUR,2020-12-03,6.1,6.14,6.06,6.14,6147,20,6.10685
BE0003730448,36790795,QFG,EUR,2020-12-04,6.2,6.26,6.1,6.2,22349,45,6.2011
BE0003730448,36790795,QFG,EUR,2020-12-07,6.2,6.2,6.12,6.2,10004,16,6.1719
BE0003730448,36790795,QFG,EUR,2020-12-08,6.26,6.5,6.24,6.46,31034,105,6.39975
BE0003730448,36790795,QFG,EUR,2020-12-09,6.5,6.5,6.44,6.5,12219,49,6.4919
BE0003730448,36790795,QFG,EUR,2020-12-10,6.5,6.5,6.4,6.4,12097,34,6.4532
BE0003730448,36790795,QFG,EUR,2020-12-11,6.52,6.52,6.4,6.42,5169,26,6.4431
BE0003730448,36790795,QFG,EUR,2020-12-14,6.48,6.5,6.32,6.32,6921,35,6.4452
BE0003730448,36790795,QFG,EUR,2020-12-15,6.4,6.46,6.3,6.34,5439,25,6.3507
BE0003730448,36790795,QFG,EUR,2020-12-16,6.34,6.38,6.22,6.24,11327,33,6.3012
BE0003730448,36790795,QFG,EUR,2020-12-17,6.24,6.34,6.24,6.34,3906,17,6.2858
BE0003730448,36790795,QFG,EUR,2020-12-18,6.34,6.48,6.3,6.38,6283,18,6.40985
BE0003730448,36790795,QFG,EUR,2020-12-21,6.34,6.34,6.22,6.3,10979,37,6.29025
BE0003730448,36790795,QFG,EUR,2020-12-22,6.4,6.4,6.3,6.36,2802,15,6.3347
BE0003730448,36790795,QFG,EUR,2020-12-23,6.3,6.38,6.3,6.32,1058,9,6.33155
BE0003730448,36790795,QFG,EUR,2020-12-24,6.3,6.4,6.26,6.4,4402,16,6.2871
BE0003730448,36790795,QFG,EUR,2020-12-28,6.4,6.4,6.3,6.38,8884,26,6.32105
BE0003730448,36790795,QFG,EUR,2020-12-29,6.38,6.4,6.32,6.32,3596,20,6.37525
BE0003730448,36790795,QFG,EUR,2020-12-30,6.36,6.44,6.36,6.44,10805,32,6.4095
BE0003730448,36790795,QFG,EUR,2020-12-31,6.44,6.5,6.4,6.5,4623,17,6.44955
BE0003730448,36790795,QFG,EUR,2021-01-04,6.5,6.5,6.3,6.46,20657,46,6.45435
BE0003730448,36790795,QFG,EUR,2021-01-05,6.48,6.5,6.4,6.48,6765,22,6.48495
BE0003730448,36790795,QFG,EUR,2021-01-06,6.52,6.54,6.48,6.52,7716,29,6.525
BE0003730448,36790795,QFG,EUR,2021-01-07,6.58,6.66,6.54,6.66,17814,45,6.6065
BE0003730448,36790795,QFG,EUR,2021-01-08,6.76,6.94,6.74,6.84,54727,146,6.82085
BE0003730448,36790795,QFG,EUR,2021-01-11,6.84,6.86,6.8,6.82,18469,56,6.8426
BE0003730448,36790795,QFG,EUR,2021-01-12,6.84,6.92,6.82,6.88,24843,55,6.8925
BE0003730448,36790795,QFG,EUR,2021-01-13,6.98,6.98,6.9,6.92,22173,57,6.9601
BE0003730448,36790795,QFG,EUR,2021-01-14,6.96,6.98,6.9,6.98,12291,32,6.94765
BE0003730448,36790795,QFG,EUR,2021-01-15,6.98,6.98,6.92,6.92,3799,21,6.95635
BE0003730448,36790795,QFG,EUR,2021-01-18,6.98,7.02,6.96,7.02,14103,49,6.9865
BE0003730448,36790795,QFG,EUR,2021-01-19,7.04,7.06,6.98,6.98,3299,23,7.02925
BE0003730448,36790795,QFG,EUR,2021-01-20,7.0,7.0,6.98,6.98,6269,29,6.98965
BE0003730448,36790795,QFG,EUR,2021-01-21,6.98,7.0,6.88,6.9,19485,46,6.94255
BE0003730448,36790795,QFG,EUR,2021-01-22,6.88,6.9,6.8,6.82,6626,37,6.8367
BE0003730448,36790795,QFG,EUR,2021-01-25,6.84,6.94,6.82,6.86,8798,38,6.86595
BE0003730448,36790795,QFG,EUR,2021-01-26,6.9,6.9,6.8,6.82,10222,50,6.8425
BE0003730448,36790795,QFG,EUR,2021-01-27,6.82,6.9,6.78,6.8,13262,43,6.82675
BE0003730448,36790795,QFG,EUR,2021-01-28,6.78,6.86,6.6,6.86,23152,61,6.70555
BE0003730448,36790795,QFG,EUR,2021-01-29,7.0,7.04,6.94,7.0,28764,99,7.0045
BE0003730448,36790795,QFG,EUR,2021-02-01,7.0,7.0,6.9,6.92,23572,82,6.9816
BE0003730448,36790795,QFG,EUR,2021-02-02,7.02,7.02,6.94,7.0,10993,46,6.9923
BE0003730448,36790795,QFG,EUR,2021-02-03,7.02,7.02,6.98,7.0,11243,32,7.0074
BE0003730448,36790795,QFG,EUR,2021-02-04,6.98,7.02,6.96,7.02,15209,43,6.9939
BE0003730448,36790795,QFG,EUR,2021-02-05,7.02,7.02,6.94,6.96,16757,65,6.99035
BE0003730448,36790795,QFG,EUR,2021-02-08,7.02,7.04,6.9,7.02,12696,44,6.98
BE0003730448,36790795,QFG,EUR,2021-02-09,7.02,7.04,6.92,7.02,6324,23,6.9705
BE0003730448,36790795,QFG,EUR,2021-02-10,7.04,7.04,6.96,7.0,4349,19,7.00865
BE0003730448,36790795,QFG,EUR,2021-02-11,7.0,7.04,6.96,7.04,5538,34,6.99905
BE0003730448,36790795,QFG,EUR,2021-02-12,7.04,7.04,6.98,6.98,4356,22,7.01985
BE0003730448,36790795,QFG,EUR,2021-02-15,6.96,7.0,6.92,6.94,14471,51,6.9625
BE0003730448,36790795,QFG,EUR,2021-02-16,6.96,7.04,6.96,6.98,9175,22,7.01185
BE0003730448,36790795,QFG,EUR,2021-02-17,6.96,7.04,6.96,7.04,5949,27,7.01395
BE0003730448,36790795,QFG,EUR,2021-02-18,7.04,7.04,6.96,6.96,2907,20,6.9942
BE0003730448,36790795,QFG,EUR,2021-02-19,7.0,7.0,6.92,6.98,3196,25,6.9658
BE0003730448,36790795,QFG,EUR,2021-02-22,7.0,7.02,6.92,6.96,11167,38,6.9871
BE0003730448,36790795,QFG,EUR,2021-02-23,6.94,6.96,6.84,6.96,13354,46,6.91675
BE0003730448,36790795,QFG,EUR,2021-02-24,6.96,6.98,6.84,6.88,6730,25,6.91745
BE0003730448,36790795,QFG,EUR,2021-02-25,6.88,6.96,6.84,6.84,7892,25,6.8853
BE0003730448,36790795,QFG,EUR,2021-02-26,6.84,6.9,6.8,6.86,36753,68,6.8526
BE0003730448,36790795,QFG,EUR,2021-03-01,6.84,6.9,6.82,6.84,15908,40,6.87775
BE0003730448,36790795,QFG,EUR,2021-03-02,6.82,6.9,6.8,6.82,13737,28,6.8127
BE0003730448,36790795,QFG,EUR,2021-03-03,6.9,6.9,6.82,6.84,2152,10,6.889
BE0003730448,36790795,QFG,EUR,2021-03-04,6.8,6.86,6.78,6.78,10525,17,6.8108
BE0003730448,36790795,QFG,EUR,2021-03-05,6.8,6.86,6.8,6.8,9638,26,6.81895
BE0003730448,36790795,QFG,EUR,2021-03-08,6.8,6.86,6.78,6.86,18512,41,6.827
BE0003730448,36790795,QFG,EUR,2021-03-09,6.86,6.88,6.84,6.88,10273,21,6.8479
BE0003730448,36790795,QFG,EUR,2021-03-10,6.8,6.84,6.8,6.84,9545,23,6.8174
BE0003730448,36790795,QFG,EUR,2021-03-11,6.9,6.96,6.82,6.94,9294,22,6.92055
BE0003730448,36790795,QFG,EUR,2021-03-12,6.82,6.98,6.82,6.9,23398,30,6.9483
BE0003730448,36790795,QFG,EUR,2021-03-15,6.92,7.0,6.92,6.92,4334,21,6.94545
BE0003730448,36790795,QFG,EUR,2021-03-16,6.98,6.98,6.9,6.9,1799,10,6.9387
BE0003730448,36790795,QFG,EUR,2021-03-17,6.9,6.98,6.86,6.86,3234,16,6.9385
BE0003730448,36790795,QFG,EUR,2021-03-18,6.86,7.0,6.86,6.98,7112,19,6.94785
BE0003730448,36790795,QFG,EUR,2021-03-19,6.92,6.94,6.86,6.9,5689,26,6.88175
BE0003730448,36790795,QFG,EUR,2021-03-22,6.94,6.98,6.88,6.98,10015,30,6.9278
BE0003730448,36790795,QFG,EUR,2021-03-23,6.98,6.98,6.84,6.86,6584,21,6.87855
BE0003730448,36790795,QFG,EUR,2021-03-24,6.96,6.96,6.86,6.86,1442,9,6.92135
BE0003730448,36790795,QFG,EUR,2021-03-25,6.86,6.9,6.82,6.82,6696,25,6.85355
BE0003730448,36790795,QFG,EUR,2021-03-26,6.96,6.98,6.84,6.84,8174,29,6.91345
BE0003730448,36790795,QFG,EUR,2021-03-29,6.86,7.0,6.86,7.0,13246,37,6.93235
BE0003730448,36790795,QFG,EUR,2021-03-30,7.0,7.0,6.88,6.98,11994,36,6.9624
BE0003730448,36790795,QFG,EUR,2021-03-31,6.98,6.98,6.88,6.98,4373,13,6.9362
BE0003730448,36790795,QFG,EUR,2021-04-01,6.98,7.02,6.88,7.02,23031,38,6.986
BE0003730448,36790795,QFG,EUR,2021-04-06,7.0,7.16,7.0,7.16,29909,61,7.0654
BE0003730448,36790795,QFG,EUR,2021-04-07,7.2,7.38,7.18,7.38,48331,109,7.2649
BE0003730448,36790795,QFG,EUR,2021-04-08,7.38,7.46,7.32,7.46,21736,66,7.3849
BE0003730448,36790795,QFG,EUR,2021-04-09,7.46,7.5,7.44,7.46,23270,92,7.47275
BE0003730448,36790795,QFG,EUR,2021-04-12,7.5,7.54,7.46,7.48,28029,195,7.4977
BE0003730448,36790795,QFG,EUR,2021-04-13,7.5,7.5,7.4,7.42,22312,54,7.47725
BE0003730448,36790795,QFG,EUR,2021-04-14,7.48,7.5,7.42,7.5,8407,39,7.47735
BE0003730448,36790795,QFG,EUR,2021-04-15,7.5,7.52,7.46,7.52,22891,68,7.49845
BE0003730448,36790795,QFG,EUR,2021-04-16,7.52,7.54,7.5,7.54,13048,35,7.52405
BE0003730448,36790795,QFG,EUR,2021-04-19,7.54,7.54,7.48,7.54,9889,38,7.5193
BE0003730448,36790795,QFG,EUR,2021-04-20,7.52,7.54,7.5,7.5,19048,41,7.501
BE0003730448,36790795,QFG,EUR,2021-04-21,7.5,7.52,7.48,7.5,17165,29,7.48845
BE0003730448,36790795,QFG,EUR,2021-04-22,7.5,7.54,7.5,7.54,2163,17,7.50675
BE0003730448,36790795,QFG,EUR,2021-04-23,7.54,7.54,7.5,7.5,3736,18,7.5157
BE0003730448,36790795,QFG,EUR,2021-04-26,7.52,7.6,7.5,7.56,18664,75,7.5382
BE0003730448,36790795,QFG,EUR,2021-04-27,7.58,7.7,7.58,7.7,21140,54,7.6182
BE0003730448,36790795,QFG,EUR,2021-04-28,7.7,7.7,7.66,7.7,8728,32,7.695
BE0003730448,36790795,QFG,EUR,2021-04-29,7.7,7.74,7.64,7.7,9818,40,7.6995
BE0003730448,36790795,QFG,EUR,2021-04-30,7.7,7.86,7.7,7.84,28977,68,7.7916
BE0003730448,36790795,QFG,EUR,2021-05-03,7.84,7.86,7.78,7.84,10304,46,7.8382
BE0003730448,36790795,QFG,EUR,2021-05-04,7.86,7.88,7.54,7.6,32557,112,7.7084
BE0003730448,36790795,QFG,EUR,2021-05-05,7.62,7.78,7.62,7.72,7621,43,7.71765
BE0003730448,36790795,QFG,EUR,2021-05-06,7.78,7.82,7.76,7.76,2541,18,7.79945
BE0003730448,36790795,QFG,EUR,2021-05-07,7.76,7.76,7.64,7.74,6677,43,7.72375
BE0003730448,36790795,QFG,EUR,2021-05-10,7.7,7.74,7.66,7.66,5775,37,7.69115
BE0003730448,36790795,QFG,EUR,2021-05-11,7.66,7.66,7.56,7.6,6342,30,7.61325
BE0003730448,36790795,QFG,EUR,2021-05-12,7.6,7.7,7.6,7.6,2182,18,7.62155
BE0003730448,36790795,QFG,EUR,2021-05-13,7.58,7.64,7.5,7.52,11453,41,7.5323
BE0003730448,36790795,QFG,EUR,2021-05-14,7.56,7.68,7.56,7.66,4070,8,7.62715
BE0003730448,36790795,QFG,EUR,2021-05-17,7.7,7.7,7.6,7.6,10567,18,7.6874
BE0003730448,36790795,QFG,EUR,2021-05-18,7.62,7.64,7.6,7.62,3831,15,7.62775
BE0003730448,36790795,QFG,EUR,2021-05-19,7.54,7.62,7.54,7.58,3235,20,7.54715
BE0003730448,36790795,QFG,EUR,2021-05-20,7.6,7.6,7.54,7.58,2198,17,7.57325
BE0003730448,36790795,QFG,EUR,2021-05-21,7.54,7.58,7.52,7.56,3470,17,7.5548
BE0003730448,36790795,QFG,EUR,2021-05-24,7.6,7.62,7.56,7.62,6100,28,7.5962
BE0003730448,36790795,QFG,EUR,2021-05-25,7.62,7.64,7.58,7.58,7307,24,7.6065
BE0003730448,36790795,QFG,EUR,2021-05-26,7.58,7.64,7.56,7.56,2757,24,7.5828
BE0003730448,36790795,QFG,EUR,2021-05-27,7.64,7.7,7.56,7.68,12057,68,7.6504
BE0003730448,36790795,QFG,EUR,2021-05-28,7.7,7.7,7.56,7.66,28221,84,7.682
BE0003730448,36790795,QFG,EUR,2021-05-31,7.7,7.9,7.7,7.9,13278,70,7.80115
BE0003730448,36790795,QFG,EUR,2021-06-01,7.88,7.88,7.82,7.84,3669,18,7.8518
BE0003730448,36790795,QFG,EUR,2021-06-02,7.88,7.9,7.84,7.9,14226,41,7.8782
BE0003730448,36790795,QFG,EUR,2021-06-03,7.9,7.9,7.8,7.9,14869,47,7.88845
BE0003730448,36790795,QFG,EUR,2021-06-04,7.82,7.94,7.82,7.9,8385,36,7.8782
BE0003730448,36790795,QFG,EUR,2021-06-07,7.92,7.94,7.84,7.84,12020,41,7.9124
BE0003730448,36790795,QFG,EUR,2021-06-08,7.92,7.94,7.86,7.92,9583,30,7.9115
BE0003730448,36790795,QFG,EUR,2021-06-09,7.92,7.92,7.84,7.88,7667,40,7.89935
BE0003730448,36790795,QFG,EUR,2021-06-10,7.94,7.96,7.86,7.94,5381,24,7.93455
BE0003730448,36790795,QFG,EUR,2021-06-11,7.96,7.96,7.86,7.96,7985,26,7.94435
BE0003730448,36790795,QFG,EUR,2021-06-14,7.96,7.96,7.9,7.92,4266,23,7.9293
BE0003730448,36790795,QFG,EUR,2021-06-15,7.92,7.92,7.8,7.82,20569,49,7.8303
BE0003730448,36790795,QFG,EUR,2021-06-16,7.82,7.92,7.8,7.92,1251,13,7.85905
BE0003730448,36790795,QFG,EUR,2021-06-17,7.78,7.94,7.78,7.82,15149,34,7.87635
BE0003730448,36790795,QFG,EUR,2021-06-18,7.82,7.92,7.82,7.88,4552,22,7.8802
BE0003730448,36790795,QFG,EUR,2021-06-21,7.88,7.9,7.8,7.8,11338,27,7.82525
BE0003730448,36790795,QFG,EUR,2021-06-22,7.86,7.92,7.82,7.92,3282,15,7.902
BE0003730448,36790795,QFG,EUR,2021-06-23,7.88,7.92,7.84,7.88,5859,21,7.90035
BE0003730448,36790795,QFG,EUR,2021-06-24,7.86,7.92,7.8,7.92,11645,33,7.86905
BE0003730448,36790795,QFG,EUR,2021-06-25,7.92,7.92,7.88,7.9,3567,17,7.9046
BE0003730448,36790795,QFG,EUR,2021-06-28,7.66,7.66,7.5,7.5,24522,77,7.5915
BE0003730448,36790795,QFG,EUR,2021-06-29,7.54,7.66,7.54,7.66,8502,27,7.58725
BE0003730448,36790795,QFG,EUR,2021-06-30,7.7,7.7,7.62,7.62,3980,17,7.68185
BE0003730448,36790795,QFG,EUR,2021-07-01,7.62,7.7,7.62,7.64,4213,28,7.6558
BE0003730448,36790795,QFG,EUR,2021-07-02,7.7,7.7,7.58,7.6,9558,29,7.6372
BE0003730448,36790795,QFG,EUR,2021-07-05,7.74,7.74,7.54,7.56,4589,26,7.59555
BE0003730448,36790795,QFG,EUR,2021-07-06,7.64,7.64,7.5,7.54,5897,27,7.5551
BE0003730448,36790795,QFG,EUR,2021-07-07,7.52,7.58,7.5,7.52,6294,26,7.5161
BE0003730448,36790795,QFG,EUR,2021-07-08,7.42,7.5,7.42,7.44,6695,27,7.426
BE0003730448,36790795,QFG,EUR,2021-07-09,7.5,7.68,7.48,7.6,38181,97,7.58625
BE0003730448,36790795,QFG,EUR,2021-07-12,7.6,7.66,7.56,7.62,13066,44,7.6116
BE0003730448,36790795,QFG,EUR,2021-07-13,7.66,7.68,7.6,7.6,7080,41,7.6467
BE0003730448,36790795,QFG,EUR,2021-07-14,7.7,7.7,7.62,7.66,4156,22,7.6509
BE0003730448,36790795,QFG,EUR,2021-07-15,7.6,7.7,7.6,7.62,3364,27,7.61925
BE0003730448,36790795,QFG,EUR,2021-07-16,7.68,7.68,7.6,7.6,3592,15,7.6581
BE0003730448,36790795,QFG,EUR,2021-07-19,7.52,7.64,7.52,7.64,7764,41,7.54785
BE0003730448,36790795,QFG,EUR,2021-07-20,7.6,7.68,7.52,7.62,7765,30,7.5684
BE0003730448,36790795,QFG,EUR,2021-07-21,7.62,7.62,7.56,7.62,2506,13,7.595
BE0003730448,36790795,QFG,EUR,2021-07-22,7.6,7.68,7.58,7.64,2470,11,7.6322
BE0003730448,36790795,QFG,EUR,2021-07-23,7.66,7.68,7.58,7.64,7159,34,7.63175
BE0003730448,36790795,QFG,EUR,2021-07-26,7.6,7.66,7.58,7.6,6734,26,7.60485
BE0003730448,36790795,QFG,EUR,2021-07-27,7.6,7.68,7.6,7.68,3216,16,7.6283
BE0003730448,36790795,QFG,EUR,2021-07-28,7.68,7.68,7.62,7.62,3690,11,7.62725
BE0003730448,36790795,QFG,EUR,2021-07-29,7.68,7.7,7.6,7.68,14364,41,7.6574
BE0003730448,36790795,QFG,EUR,2021-07-30,7.72,7.74,7.68,7.68,7588,28,7.7141
BE0003730448,36790795,QFG,EUR,2021-08-02,7.66,7.82,7.66,7.82,11260,41,7.77135
BE0003730448,36790795,QFG,EUR,2021-08-03,7.7,7.86,7.7,7.84,14200,43,7.80175
BE0003730448,36790795,QFG,EUR,2021-08-04,7.84,8.0,7.84,8.0,24590,74,7.91405
BE0003730448,36790795,QFG,EUR,2021-08-05,7.96,8.0,7.88,8.0,7305,35,7.93415
BE0003730448,36790795,QFG,EUR,2021-08-06,8.06,8.12,8.0,8.1,25221,49,8.06005
BE0003730448,36790795,QFG,EUR,2021-08-09,8.12,8.2,8.1,8.12,12133,52,8.1485
BE0003730448,36790795,QFG,EUR,2021-08-10,8.12,8.24,8.1,8.1,16080,75,8.1427
BE0003730448,36790795,QFG,EUR,2021-08-11,8.1,8.1,8.0,8.04,13812,55,8.02775
BE0003730448,36790795,QFG,EUR,2021-08-12,8.2,8.2,8.06,8.1,6985,24,8.1255
BE0003730448,36790795,QFG,EUR,2021-08-13,8.02,8.12,8.02,8.1,3766,27,8.0869
BE0003730448,36790795,QFG,EUR,2021-08-16,8.12,8.12,8.06,8.06,5333,29,8.06465
BE0003730448,36790795,QFG,EUR,2021-08-17,8.06,8.16,8.0,8.0,10738,35,8.0673
BE0003730448,36790795,QFG,EUR,2021-08-18,8.0,8.1,8.0,8.06,3191,26,8.0199
BE0003730448,36790795,QFG,EUR,2021-08-19,8.04,8.04,7.9,8.0,13056,36,7.9724
BE0003730448,36790795,QFG,EUR,2021-08-20,7.94,8.02,7.94,7.96,11276,34,7.99465
BE0003730448,36790795,QFG,EUR,2021-08-23,8.0,8.08,7.96,8.0,7673,39,8.0143
BE0003730448,36790795,QFG,EUR,2021-08-24,8.02,8.04,8.0,8.0,4138,32,8.01835
BE0003730448,36790795,QFG,EUR,2021-08-25,8.0,8.04,7.98,8.02,3765,16,7.9982
BE0003730448,36790795,QFG,EUR,2021-08-26,8.0,8.04,8.0,8.0,3505,12,8.0003
BE0003730448,36790795,QFG,EUR,2021-08-27,8.06,8.06,8.0,8.0,2162,11,8.0249
BE0003730448,36790795,QFG,EUR,2021-08-30,8.0,8.06,8.0,8.04,3590,21,8.0115
BE0003730448,36790795,QFG,EUR,2021-08-31,8.04,8.04,7.98,7.98,6344,16,8.001
BE0003730448,36790795,QFG,EUR,2021-09-01,7.98,8.04,7.96,8.0,5642,20,7.9973
BE0003730448,36790795,QFG,EUR,2021-09-02,7.96,8.0,7.92,7.96,8605,111,7.961
BE0003730448,36790795,QFG,EUR,2021-09-03,7.98,8.0,7.9,8.0,19356,68,7.9621
BE0003730448,36790795,QFG,EUR,2021-09-06,8.0,8.02,7.96,8.02,8679,41,7.98935
BE0003730448,36790795,QFG,EUR,2021-09-07,8.02,8.02,7.9,7.96,6553,27,7.96395
BE0003730448,36790795,QFG,EUR,2021-09-08,7.9,7.92,7.9,7.92,3055,29,7.9093
BE0003730448,36790795,QFG,EUR,2021-09-09,7.9,7.9,7.84,7.9,5614,28,7.87405
BE0003730448,36790795,QFG,EUR,2021-09-10,7.86,7.92,7.76,7.82,9900,40,7.8331
BE0003730448,36790795,QFG,EUR,2021-09-13,7.78,7.88,7.76,7.8,4246,24,7.79315
BE0003730448,36790795,QFG,EUR,2021-09-14,7.88,7.88,7.78,7.8,1152,11,7.80775
BE0003730448,36790795,QFG,EUR,2021-09-15,7.8,7.86,7.72,7.8,5972,25,7.78585
BE0003730448,36790795,QFG,EUR,2021-09-16,7.72,7.92,7.72,7.86,10591,31,7.85275
BE0003730448,36790795,QFG,EUR,2021-09-17,7.78,7.9,7.78,7.86,14668,31,7.8268
BE0003730448,36790795,QFG,EUR,2021-09-20,7.84,7.9,7.76,7.76,7527,37,7.7893
BE0003730448,36790795,QFG,EUR,2021-09-21,7.76,7.78,7.72,7.72,8550,21,7.74835
BE0003730448,36790795,QFG,EUR,2021-09-22,7.7,7.9,7.7,7.84,14495,35,7.82795
BE0003730448,36790795,QFG,EUR,2021-09-23,7.72,7.9,7.72,7.88,9660,42,7.8135
BE0003730448,36790795,QFG,EUR,2021-09-24,7.82,7.88,7.76,7.76,4271,30,7.80055
BE0003730448,36790795,QFG,EUR,2021-09-27,7.88,7.88,7.76,7.82,2092,20,7.79445
BE0003730448,36790795,QFG,EUR,2021-09-28,7.82,7.82,7.66,7.68,13847,39,7.70325
BE0003730448,36790795,QFG,EUR,2021-09-29,7.64,7.8,7.64,7.7,1447,18,7.69655
BE0003730448,36790795,QFG,EUR,2021-09-30,7.72,7.72,7.62,7.66,4138,27,7.64735
BE0003730448,36790795,QFG,EUR,2021-10-01,7.82,7.82,7.6,7.64,3892,20,7.64295
BE0003730448,36790795,QFG,EUR,2021-10-04,7.56,7.64,7.52,7.6,7685,37,7.55955
BE0003730448,36790795,QFG,EUR,2021-10-05,7.6,7.6,7.52,7.6,4834,23,7.5455
BE0003730448,36790795,QFG,EUR,2021-10-06,7.58,7.58,7.52,7.58,2222,14,7.55465
BE0003730448,36790795,QFG,EUR,2021-10-07,7.52,7.6,7.52,7.58,8808,33,7.5498
BE0003730448,36790795,QFG,EUR,2021-10-08,7.6,7.78,7.6,7.68,14694,53,7.6533
BE0003730448,36790795,QFG,EUR,2021-10-11,7.54,7.68,7.54,7.66,3057,18,7.5771
BE0003730448,36790795,QFG,EUR,2021-10-12,7.64,7.64,7.56,7.56,2190,14,7.6026
BE0003730448,36790795,QFG,EUR,2021-10-13,7.54,7.66,7.54,7.66,1032,9,7.57955
BE0003730448,36790795,QFG,EUR,2021-10-14,7.68,7.88,7.68,7.8,8812,27,7.77275
BE0003730448,36790795,QFG,EUR,2021-10-15,7.78,7.8,7.7,7.8,251,5,7.7502
BE0003730448,36790795,QFG,EUR,2021-10-18,7.8,7.8,7.68,7.8,4175,35,7.74
BE0003730448,36790795,QFG,EUR,2021-10-19,7.7,7.8,7.68,7.8,2596,26,7.714
BE0003730448,36790795,QFG,EUR,2021-10-20,7.7,7.8,7.64,7.8,4383,27,7.6949
BE0003730448,36790795,QFG,EUR,2021-10-21,7.74,7.74,7.58,7.74,7671,18,7.6521
BE0003730448,36790795,QFG,EUR,2021-10-22,7.66,7.74,7.62,7.74,4873,18,7.6961
BE0003730448,36790795,QFG,EUR,2021-10-25,7.64,7.78,7.62,7.76,7241,26,7.6838
BE0003730448,36790795,QFG,EUR,2021-10-26,7.7,7.78,7.7,7.78,4093,16,7.7633
BE0003730448,36790795,QFG,EUR,2021-10-27,7.74,7.82,7.74,7.78,3509,15,7.79555
BE0003730448,36790795,QFG,EUR,2021-10-28,7.78,7.82,7.76,7.8,606,8,7.79065
BE0003730448,36790795,QFG,EUR,2021-10-29,7.84,7.88,7.8,7.84,9767,32,7.8408
BE0003730448,36790795,QFG,EUR,2021-11-01,7.86,7.86,7.84,7.84,4776,23,7.85825
BE0003730448,36790795,QFG,EUR,2021-11-02,7.86,7.88,7.8,7.8,5729,26,7.83065
BE0003730448,36790795,QFG,EUR,2021-11-03,7.84,7.9,7.8,7.9,4147,26,7.8227
BE0003730448,36790795,QFG,EUR,2021-11-04,7.9,7.94,7.86,7.92,6585,21,7.89485
BE0003730448,36790795,QFG,EUR,2021-11-05,7.92,7.92,7.9,7.9,3045,20,7.9121
BE0003730448,36790795,QFG,EUR,2021-11-08,7.9,7.92,7.88,7.92,4951,23,7.90185
BE0003730448,36790795,QFG,EUR,2021-11-09,7.92,7.92,7.9,7.92,1961,14,7.9057
BE0003730448,36790795,QFG,EUR,2021-11-10,7.9,7.9,7.8,7.88,6274,27,7.86675
BE0003730448,36790795,QFG,EUR,2021-11-11,7.88,7.9,7.8,7.9,8734,19,7.8653
BE0003730448,36790795,QFG,EUR,2021-11-12,7.82,7.9,7.8,7.82,4983,15,7.8423
BE0003730448,36790795,QFG,EUR,2021-11-15,7.82,7.86,7.8,7.8,4690,14,7.82375
BE0003730448,36790795,QFG,EUR,2021-11-16,7.82,7.84,7.82,7.82,3247,10,7.827
BE0003730448,36790795,QFG,EUR,2021-11-17,7.82,7.84,7.8,7.84,2620,11,7.81025
BE0003730448,36790795,QFG,EUR,2021-11-18,7.82,7.84,7.8,7.84,1644,16,7.8252
BE0003730448,36790795,QFG,EUR,2021-11-19,7.84,7.84,7.7,7.8,8899,28,7.7913
BE0003730448,36790795,QFG,EUR,2021-11-22,7.86,7.86,7.74,7.82,1561,12,7.81655
BE0003730448,36790795,QFG,EUR,2021-11-23,7.78,7.8,7.72,7.72,6643,19,7.75535
BE0003730448,36790795,QFG,EUR,2021-11-24,7.76,7.78,7.7,7.7,1955,21,7.72485
BE0003730448,36790795,QFG,EUR,2021-11-25,7.72,7.78,7.7,7.78,5115,18,7.729
BE0003730448,36790795,QFG,EUR,2021-11-26,7.7,7.76,7.62,7.62,16183,50,7.6858
BE0003730448,36790795,QFG,EUR,2021-11-29,7.74,7.86,7.7,7.82,22304,102,7.77395
BE0003730448,36790795,QFG,EUR,2021-11-30,7.8,7.84,7.72,7.84,6702,34,7.79345
BE0003730448,36790795,QFG,EUR,2021-12-01,7.8,7.88,7.72,7.88,11381,42,7.83305
BE0003730448,36790795,QFG,EUR,2021-12-02,7.86,7.86,7.76,7.86,5630,22,7.82475
BE0003730448,36790795,QFG,EUR,2021-12-03,7.88,7.88,7.78,7.88,6320,23,7.8718
BE0003730448,36790795,QFG,EUR,2021-12-06,7.88,7.88,7.78,7.84,9833,32,7.84725
BE0003730448,36790795,QFG,EUR,2021-12-07,7.84,7.9,7.74,7.84,30929,55,7.81335
BE0003730448,36790795,QFG,EUR,2021-12-08,7.84,7.84,7.8,7.8,6353,17,7.8205
BE0003730448,36790795,QFG,EUR,2021-12-09,7.84,7.84,7.8,7.8,4189,16,7.8303
BE0003730448,36790795,QFG,EUR,2021-12-10,7.84,7.88,7.8,7.88,7734,29,7.8483
BE0003730448,36790795,QFG,EUR,2021-12-13,7.88,7.88,7.78,7.8,24400,39,7.8385
BE0003730448,36790795,QFG,EUR,2021-12-14,7.8,7.94,7.8,7.94,5439,27,7.88885
BE0003730448,36790795,QFG,EUR,2021-12-15,7.82,7.94,7.82,7.86,11491,30,7.92835
BE0003730448,36790795,QFG,EUR,2021-12-16,7.94,7.98,7.82,7.94,8449,28,7.9283
BE0003730448,36790795,QFG,EUR,2021-12-17,7.92,7.94,7.84,7.94,3859,16,7.91315
BE0003730448,36790795,QFG,EUR,2021-12-20,7.92,7.92,7.82,7.92,8701,28,7.8843
BE0003730448,36790795,QFG,EUR,2021-12-21,7.9,7.98,7.82,7.9,10706,33,7.91685
BE0003730448,36790795,QFG,EUR,2021-12-22,7.96,7.98,7.86,7.94,3522,21,7.9459
BE0003730448,36790795,QFG,EUR,2021-12-23,7.94,7.96,7.86,7.96,3493,11,7.9409
BE0003730448,36790795,QFG,EUR,2021-12-24,7.88,7.96,7.88,7.96,634,6,7.89465
BE0003730448,36790795,QFG,EUR,2021-12-27,7.9,7.98,7.9,7.9,10727,25,7.932
BE0003730448,36790795,QFG,EUR,2021-12-28,7.92,7.96,7.9,7.96,2459,11,7.91355
BE0003730448,36790795,QFG,EUR,2021-12-29,7.96,7.98,7.92,7.98,7693,19,7.95905
BE0003730448,36790795,QFG,EUR,2021-12-30,7.98,7.98,7.9,7.9,9504,24,7.9436
BE0003730448,36790795,QFG,EUR,2021-12-31,7.94,7.98,7.94,7.98,400,2,7.96
BE0003730448,36790795,QFG,EUR,2022-01-03,7.98,8.06,7.96,8.06,11593,37,7.997
BE0003730448,36790795,QFG,EUR,2022-01-04,8.0,8.08,8.0,8.08,18684,67,8.07105
BE0003730448,36790795,QFG,EUR,2022-01-05,8.08,8.12,8.06,8.12,10140,43,8.07935
BE0003730448,36790795,QFG,EUR,2022-01-06,8.12,8.12,8.04,8.12,8683,42,8.07595
BE0003730448,36790795,QFG,EUR,2022-01-07,8.12,8.3,8.12,8.3,9070,50,8.24265
BE0003730448,36790795,QFG,EUR,2022-01-10,8.2,8.26,8.14,8.14,15733,54,8.20715
BE0003730448,36790795,QFG,EUR,2022-01-11,8.22,8.28,8.18,8.26,7171,49,8.2489
BE0003730448,36790795,QFG,EUR,2022-01-12,8.28,8.28,8.2,8.2,9869,35,8.25365
BE0003730448,36790795,QFG,EUR,2022-01-13,8.24,8.26,8.2,8.22,4554,28,8.22425
BE0003730448,36790795,QFG,EUR,2022-01-14,8.28,8.28,8.18,8.22,8601,36,8.2395
BE0003730448,36790795,QFG,EUR,2022-01-17,8.2,8.28,8.18,8.26,8195,36,8.23455
BE0003730448,36790795,QFG,EUR,2022-01-18,8.24,8.26,8.0,8.08,20285,74,8.098
BE0003730448,36790795,QFG,EUR,2022-01-19,8.1,8.16,8.02,8.08,7460,40,8.08775
BE0003730448,36790795,QFG,EUR,2022-01-20,8.06,8.2,8.06,8.08,8654,27,8.11575
BE0003730448,36790795,QFG,EUR,2022-01-21,8.04,8.16,7.94,7.94,16614,52,7.99485
BE0003730448,36790795,QFG,EUR,2022-01-24,8.0,8.12,7.9,7.92,20336,109,7.99475
BE0003730448,36790795,QFG,EUR,2022-01-25,7.9,8.04,7.9,8.0,10305,47,7.94685
BE0003730448,36790795,QFG,EUR,2022-01-26,8.0,8.08,7.9,8.02,10571,49,7.98495
BE0003730448,36790795,QFG,EUR,2022-01-27,7.94,8.18,7.94,8.18,7008,40,8.0521
BE0003730448,36790795,QFG,EUR,2022-01-28,8.3,8.36,8.22,8.34,76036,227,8.3059
BE0003730448,36790795,QFG,EUR,2022-01-31,8.34,8.58,8.32,8.58,30641,124,8.40665
BE0003730448,36790795,QFG,EUR,2022-02-01,8.58,8.68,8.5,8.6,27140,99,8.5931
BE0003730448,36790795,QFG,EUR,2022-02-02,8.6,8.86,8.6,8.7,25641,107,8.70045
BE0003730448,36790795,QFG,EUR,2022-02-03,8.7,8.72,8.56,8.56,16738,56,8.6537
BE0003730448,36790795,QFG,EUR,2022-02-04,8.58,8.6,8.4,8.52,33861,110,8.49755
BE0003730448,36790795,QFG,EUR,2022-02-07,8.66,8.66,8.34,8.34,17005,74,8.4398
BE0003730448,36790795,QFG,EUR,2022-02-08,8.52,8.52,8.34,8.36,14230,78,8.41425
BE0003730448,36790795,QFG,EUR,2022-02-09,8.36,8.52,8.36,8.42,7080,32,8.4509
BE0003730448,36790795,QFG,EUR,2022-02-10,8.54,8.6,8.44,8.54,10435,40,8.5627
BE0003730448,36790795,QFG,EUR,2022-02-11,8.58,8.58,8.46,8.52,10354,44,8.53085
BE0003730448,36790795,QFG,EUR,2022-02-14,8.4,8.5,8.32,8.4,23315,80,8.40135
BE0003730448,36790795,QFG,EUR,2022-02-15,8.46,8.58,8.44,8.56,10634,49,8.5104
BE0003730448,36790795,QFG,EUR,2022-02-16,8.58,8.66,8.54,8.64,24377,68,8.6273
BE0003730448,36790795,QFG,EUR,2022-02-17,8.64,8.68,8.6,8.6,4746,30,8.6455
BE0003730448,36790795,QFG,EUR,2022-02-18,8.54,8.58,8.4,8.4,8504,51,8.5098
BE0003730448,36790795,QFG,EUR,2022-02-21,8.5,8.5,8.3,8.3,11772,45,8.37665
BE0003730448,36790795,QFG,EUR,2022-02-22,8.2,8.28,8.04,8.12,17253,96,8.1459
BE0003730448,36790795,QFG,EUR,2022-02-23,8.26,8.4,8.12,8.12,10182,45,8.26335
BE0003730448,36790795,QFG,EUR,2022-02-24,8.12,8.12,8.02,8.1,13380,70,8.08305
BE0003730448,36790795,QFG,EUR,2022-02-25,8.04,8.36,8.04,8.24,6934,53,8.2021
BE0003730448,36790795,QFG,EUR,2022-02-28,8.36,8.5,8.34,8.42,7162,38,8.4321
BE0003730448,36790795,QFG,EUR,2022-03-01,8.4,8.5,8.12,8.12,30152,71,8.2717
BE0003730448,36790795,QFG,EUR,2022-03-02,8.28,8.32,8.1,8.26,5699,51,8.2585
BE0003730448,36790795,QFG,EUR,2022-03-03,8.44,8.44,8.3,8.38,1447,14,8.33285
BE0003730448,36790795,QFG,EUR,2022-03-04,8.34,8.34,7.92,8.0,22018,104,8.075
BE0003730448,36790795,QFG,EUR,2022-03-07,8.0,8.02,7.56,7.56,61444,262,7.7108
BE0003730448,36790795,QFG,EUR,2022-03-08,7.8,7.96,7.56,7.94,17780,69,7.84725
BE0003730448,36790795,QFG,EUR,2022-03-09,7.94,8.22,7.94,8.22,8858,65,8.0846
BE0003730448,36790795,QFG,EUR,2022-03-10,8.18,8.2,8.16,8.2,3064,14,8.17
BE0003730448,36790795,QFG,EUR,2022-03-11,8.12,8.28,8.06,8.28,7232,47,8.2095
BE0003730448,36790795,QFG,EUR,2022-03-14,8.28,8.56,8.26,8.52,18301,72,8.393
BE0003730448,36790795,QFG,EUR,2022-03-15,8.52,8.52,8.22,8.26,3286,27,8.28315
BE0003730448,36790795,QFG,EUR,2022-03-16,8.5,8.5,8.22,8.44,10297,48,8.3641
BE0003730448,36790795,QFG,EUR,2022-03-17,8.4,8.44,8.26,8.26,5603,30,8.3561
BE0003730448,36790795,QFG,EUR,2022-03-18,8.4,8.4,8.26,8.4,3572,18,8.33155
BE0003730448,36790795,QFG,EUR,2022-03-21,8.34,8.46,8.32,8.42,8037,39,8.3875
BE0003730448,36790795,QFG,EUR,2022-03-22,8.4,8.4,8.14,8.32,9949,49,8.2524
BE0003730448,36790795,QFG,EUR,2022-03-23,8.34,8.38,8.24,8.34,8644,35,8.27375
BE0003730448,36790795,QFG,EUR,2022-03-24,8.3,8.38,8.24,8.38,6182,43,8.33235
BE0003730448,36790795,QFG,EUR,2022-03-25,8.4,8.46,8.32,8.36,7943,41,8.4127
BE0003730448,36790795,QFG,EUR,2022-03-28,8.46,8.46,8.32,8.38,4108,27,8.4054
BE0003730448,36790795,QFG,EUR,2022-03-29,8.48,8.56,8.46,8.54,15612,58,8.49385
BE0003730448,36790795,QFG,EUR,2022-03-30,8.56,8.64,8.56,8.64,15283,49,8.5944
BE0003730448,36790795,QFG,EUR,2022-03-31,8.6,8.66,8.42,8.6,13003,57,8.5712
BE0003730448,36790795,QFG,EUR,2022-04-01,8.6,8.62,8.5,8.58,23088,73,8.55325
BE0003730448,36790795,QFG,EUR,2022-04-04,8.56,8.56,8.42,8.42,40336,135,8.5015
BE0003730448,36790795,QFG,EUR,2022-04-05,7.48,7.54,7.34,7.4,67968,264,7.42945
BE0003730448,36790795,QFG,EUR,2022-04-06,7.42,7.42,7.2,7.28,20177,99,7.35095
BE0003730448,36790795,QFG,EUR,2022-04-07,7.2,7.28,7.1,7.14,16747,91,7.1823
BE0003730448,36790795,QFG,EUR,2022-04-08,7.12,7.36,7.12,7.26,18994,72,7.2498
BE0003730448,36790795,QFG,EUR,2022-04-11,7.3,7.32,7.16,7.16,7576,48,7.2139
BE0003730448,36790795,QFG,EUR,2022-04-12,7.22,7.22,7.1,7.1,19600,46,7.14045
BE0003730448,36790795,QFG,EUR,2022-04-13,7.14,7.22,7.12,7.14,5403,17,7.19515
BE0003730448,36790795,QFG,EUR,2022-04-14,7.18,7.22,7.0,7.0,24575,67,7.0634
BE0003730448,36790795,QFG,EUR,2022-04-19,7.04,7.06,7.04,7.04,8219,33,7.05355
BE0003730448,36790795,QFG,EUR,2022-04-20,7.06,7.12,7.06,7.1,5093,27,7.0972
BE0003730448,36790795,QFG,EUR,2022-04-21,7.06,7.1,7.0,7.04,17397,63,7.04545
BE0003730448,36790795,QFG,EUR,2022-04-22,7.02,7.12,6.92,6.94,42426,106,7.02
BE0003730448,36790795,QFG,EUR,2022-04-25,7.0,7.0,6.88,6.9,15519,65,6.9429
BE0003730448,36790795,QFG,EUR,2022-04-26,6.98,6.98,6.94,6.96,6153,31,6.95735
BE0003730448,36790795,QFG,EUR,2022-04-27,6.92,6.98,6.92,6.94,10948,47,6.93885
BE0003730448,36790795,QFG,EUR,2022-04-28,6.9,6.96,6.9,6.96,5525,38,6.93555
BE0003730448,36790795,QFG,EUR,2022-04-29,6.9,6.92,6.82,6.86,20053,68,6.8786
BE0003730448,36790795,QFG,EUR,2022-05-02,6.84,6.84,6.76,6.76,17548,69,6.80105
BE0003730448,36790795,QFG,EUR,2022-05-03,6.8,6.8,6.7,6.74,15638,56,6.7516
BE0003730448,36790795,QFG,EUR,2022-05-04,6.8,6.8,6.7,6.76,12545,52,6.76045
BE0003730448,36790795,QFG,EUR,2022-05-05,6.82,6.84,6.76,6.78,4392,39,6.7888
BE0003730448,36790795,QFG,EUR,2022-05-06,6.82,6.82,6.68,6.74,13968,55,6.7272
BE0003730448,36790795,QFG,EUR,2022-05-09,6.76,6.76,6.66,6.7,9241,40,6.6952
BE0003730448,36790795,QFG,EUR,2022-05-10,6.7,6.7,6.6,6.64,10962,59,6.65865
BE0003730448,36790795,QFG,EUR,2022-05-11,6.66,6.66,6.6,6.64,5598,49,6.6276
BE0003730448,36790795,QFG,EUR,2022-05-12,6.54,6.56,6.36,6.42,23885,87,6.45245
BE0003730448,36790795,QFG,EUR,2022-05-13,6.4,6.46,6.38,6.38,7584,40,6.4127
BE0003730448,36790795,QFG,EUR,2022-05-16,6.46,6.56,6.44,6.56,5137,31,6.46785
BE0003730448,36790795,QFG,EUR,2022-05-17,6.58,6.58,6.4,6.44,10745,47,6.4638
BE0003730448,36790795,QFG,EUR,2022-05-18,6.54,6.54,6.44,6.52,8728,41,6.47705
BE0003730448,36790795,QFG,EUR,2022-05-19,6.44,6.46,6.3,6.32,14000,58,6.35735
BE0003730448,36790795,QFG,EUR,2022-05-20,6.44,6.44,6.26,6.4,6875,28,6.3329
BE0003730448,36790795,QFG,EUR,2022-05-23,6.44,6.48,6.4,6.46,1137,8,6.4383
BE0003730448,36790795,QFG,EUR,2022-05-24,6.46,6.5,6.4,6.5,3428,12,6.4538
BE0003730448,36790795,QFG,EUR,2022-05-25,6.52,6.52,6.4,6.46,8842,27,6.4422
BE0003730448,36790795,QFG,EUR,2022-05-26,6.42,6.5,6.42,6.48,1909,17,6.4762
BE0003730448,36790795,QFG,EUR,2022-05-27,6.48,6.54,6.48,6.54,3701,28,6.5093
BE0003730448,36790795,QFG,EUR,2022-05-30,6.54,6.68,6.52,6.66,12715,35,6.56715
BE0003730448,36790795,QFG,EUR,2022-05-31,6.66,6.66,6.5,6.5,9336,38,6.5646
BE0003730448,36790795,QFG,EUR,2022-06-01,6.5,6.5,6.34,6.38,12425,34,6.4214
BE0003730448,36790795,QFG,EUR,2022-06-02,6.38,6.46,6.38,6.44,2852,18,6.39725
BE0003730448,36790795,QFG,EUR,2022-06-03,6.46,6.52,6.42,6.5,1711,19,6.4572
BE0003730448,36790795,QFG,EUR,2022-06-06,6.44,6.6,6.42,6.6,2550,19,6.47505
BE0003730448,36790795,QFG,EUR,2022-06-07,6.48,6.56,6.4,6.56,4453,23,6.45245
BE0003730448,36790795,QFG,EUR,2022-06-08,6.56,6.56,6.54,6.56,1085,9,6.55025
BE0003730448,36790795,QFG,EUR,2022-06-09,6.54,6.54,6.5,6.5,2144,8,6.517
BE0003730448,36790795,QFG,EUR,2022-06-10,6.6,6.6,6.38,6.4,8598,30,6.44165
BE0003730448,36790795,QFG,EUR,2022-06-13,6.38,6.38,6.2,6.2,22111,52,6.2726
BE0003730448,36790795,QFG,EUR,2022-06-14,6.3,6.3,6.14,6.2,4139,19,6.22925
BE0003730448,36790795,QFG,EUR,2022-06-15,6.16,6.26,6.14,6.26,6813,26,6.2234
BE0003730448,36790795,QFG,EUR,2022-06-16,6.4,6.4,6.1,6.1,10106,30,6.1464
BE0003730448,36790795,QFG,EUR,2022-06-17,6.1,6.18,6.06,6.06,10924,30,6.10125
BE0003730448,36790795,QFG,EUR,2022-06-20,6.2,6.2,6.06,6.14,3267,30,6.0946
BE0003730448,36790795,QFG,EUR,2022-06-21,6.18,6.18,6.08,6.18,2096,16,6.16795
BE0003730448,36790795,QFG,EUR,2022-06-22,6.2,6.2,6.1,6.14,1410,8,6.1149
BE0003730448,36790795,QFG,EUR,2022-06-23,6.06,6.16,6.06,6.14,1918,11,6.0762
BE0003730448,36790795,QFG,EUR,2022-06-24,6.1,6.2,6.1,6.2,4635,16,6.16785
BE0003730448,36790795,QFG,EUR,2022-06-27,6.2,6.44,6.2,6.4,7733,31,6.30615
BE0003730448,36790795,QFG,EUR,2022-06-28,6.4,6.44,6.36,6.36,2334,9,6.4031
BE0003730448,36790795,QFG,EUR,2022-06-29,6.36,6.36,6.22,6.32,3146,9,6.3133
BE0003730448,36790795,QFG,EUR,2022-06-30,6.38,6.42,6.12,6.12,7455,28,6.25165
BE0003730448,36790795,QFG,EUR,2022-07-01,6.12,6.24,6.1,6.1,4462,22,6.1117
BE0003730448,36790795,QFG,EUR,2022-07-04,6.22,6.22,6.18,6.2,1207,16,6.21245
BE0003730448,36790795,QFG,EUR,2022-07-05,6.2,6.22,6.1,6.22,3363,14,6.1154
BE0003730448,36790795,QFG,EUR,2022-07-06,6.1,6.16,6.1,6.16,1363,5,6.10055
BE0003730448,36790795,QFG,EUR,2022-07-07,6.22,6.22,6.2,6.2,744,5,6.2001
BE0003730448,36790795,QFG,EUR,2022-07-08,6.2,6.36,6.12,6.36,5796,21,6.20875
BE0003730448,36790795,QFG,EUR,2022-07-11,6.34,6.36,6.2,6.2,5893,22,6.26895
BE0003730448,36790795,QFG,EUR,2022-07-12,6.1,6.2,6.1,6.16,3737,16,6.1355
BE0003730448,36790795,QFG,EUR,2022-07-13,6.3,6.3,6.16,6.16,4773,18,6.2216
BE0003730448,36790795,QFG,EUR,2022-07-14,6.16,6.16,6.1,6.16,1230,6,6.15415
BE0003730448,36790795,QFG,EUR,2022-07-15,6.16,6.28,6.1,6.26,4530,21,6.15245
BE0003730448,36790795,QFG,EUR,2022-07-18,6.5,6.5,6.2,6.4,10144,23,6.35535
BE0003730448,36790795,QFG,EUR,2022-07-19,6.28,6.28,6.28,6.28,210,3,6.28
BE0003730448,36790795,QFG,EUR,2022-07-20,6.22,6.4,6.22,6.26,4699,20,6.30635
BE0003730448,36790795,QFG,EUR,2022-07-21,6.46,6.46,6.32,6.32,443,5,6.45245
BE0003730448,36790795,QFG,EUR,2022-07-22,6.24,6.36,6.24,6.36,239,3,6.29975
BE0003730448,36790795,QFG,EUR,2022-07-25,6.4,6.4,6.26,6.26,3307,13,6.36875
BE0003730448,36790795,QFG,EUR,2022-07-26,6.26,6.34,6.26,6.34,418,4,6.26
BE0003730448,36790795,QFG,EUR,2022-07-27,6.34,6.36,6.24,6.24,3544,12,6.293
BE0003730448,36790795,QFG,EUR,2022-07-28,6.24,6.36,6.24,6.34,679,15,6.3216
BE0003730448,36790795,QFG,EUR,2022-07-29,6.34,6.4,6.3,6.36,5194,29,6.35625
BE0003730448,36790795,QFG,EUR,2022-08-01,6.4,6.4,6.2,6.34,12348,47,6.289
BE0003730448,36790795,QFG,EUR,2022-08-02,6.4,6.4,6.2,6.24,3827,14,6.2256
BE0003730448,36790795,QFG,EUR,2022-08-03,6.36,6.36,6.24,6.3,2391,20,6.2664
BE0003730448,36790795,QFG,EUR,2022-08-04,6.38,6.38,6.24,6.26,2936,22,6.31265
BE0003730448,36790795,QFG,EUR,2022-08-05,6.36,6.36,6.26,6.26,1895,14,6.29775
BE0003730448,36790795,QFG,EUR,2022-08-08,6.3,6.4,6.3,6.3,2641,18,6.3663
BE0003730448,36790795,QFG,EUR,2022-08-09,6.26,6.4,6.24,6.38,7410,21,6.29195
BE0003730448,36790795,QFG,EUR,2022-08-10,6.38,6.38,6.28,6.28,1219,7,6.34905
BE0003730448,36790795,QFG,EUR,2022-08-11,6.3,6.4,6.3,6.4,1428,8,6.36275
BE0003730448,36790795,QFG,EUR,2022-08-12,6.32,6.44,6.32,6.4,3864,14,6.3843
BE0003730448,36790795,QFG,EUR,2022-08-15,6.4,6.5,6.34,6.5,6312,22,6.45175
BE0003730448,36790795,QFG,EUR,2022-08-16,6.5,6.6,6.5,6.58,4388,12,6.55755
BE0003730448,36790795,QFG,EUR,2022-08-17,6.42,6.56,6.42,6.5,8500,16,6.4465
BE0003730448,36790795,QFG,EUR,2022-08-18,6.42,6.54,6.38,6.52,8597,26,6.448
BE0003730448,36790795,QFG,EUR,2022-08-19,6.5,6.5,6.38,6.4,7070,14,6.40635
BE0003730448,36790795,QFG,EUR,2022-08-22,6.4,6.48,6.32,6.4,6942,33,6.3757
BE0003730448,36790795,QFG,EUR,2022-08-23,6.3,6.4,6.26,6.28,10835,24,6.29805
BE0003730448,36790795,QFG,EUR,2022-08-24,6.26,6.32,6.26,6.32,145,6,6.2662
BE0003730448,36790795,QFG,EUR,2022-08-25,6.32,6.42,6.32,6.32,2230,9,6.37345
BE0003730448,36790795,QFG,EUR,2022-08-26,6.34,6.4,6.3,6.3,4339,12,6.34155
BE0003730448,36790795,QFG,EUR,2022-08-29,6.28,6.28,6.2,6.2,10528,33,6.21635
BE0003730448,36790795,QFG,EUR,2022-08-30,6.3,6.3,6.3,6.3,1103,4,6.3
BE0003730448,36790795,QFG,EUR,2022-08-31,6.22,6.38,6.22,6.38,3224,11,6.2831
BE0003730448,36790795,QFG,EUR,2022-09-01,6.38,6.38,6.14,6.14,11193,33,6.21565
BE0003730448,36790795,QFG,EUR,2022-09-02,6.18,6.2,6.06,6.06,17644,36,6.1165
BE0003730448,36790795,QFG,EUR,2022-09-05,6.02,6.16,6.02,6.16,9265,27,6.03115
BE0003730448,36790795,QFG,EUR,2022-09-06,6.12,6.2,6.0,6.1,5645,20,6.05405
BE0003730448,36790795,QFG,EUR,2022-09-07,6.0,6.12,6.0,6.08,1167,11,6.0434
BE0003730448,36790795,QFG,EUR,2022-09-08,6.02,6.16,6.02,6.16,3691,17,6.04085
BE0003730448,36790795,QFG,EUR,2022-09-09,6.26,6.26,6.04,6.04,1974,13,6.1502
BE0003730448,36790795,QFG,EUR,2022-09-12,6.24,6.24,6.1,6.14,1842,13,6.1987
BE0003730448,36790795,QFG,EUR,2022-09-13,6.12,6.14,6.1,6.1,3304,13,6.1214
BE0003730448,36790795,QFG,EUR,2022-09-14,6.1,6.1,6.06,6.1,1239,4,6.07595
BE0003730448,36790795,QFG,EUR,2022-09-15,6.1,6.1,6.06,6.06,1571,10,6.08655
BE0003730448,36790795,QFG,EUR,2022-09-16,6.06,6.14,6.0,6.0,12343,38,6.01295
BE0003730448,36790795,QFG,EUR,2022-09-19,6.0,6.1,6.0,6.1,1160,3,6.0362
BE0003730448,36790795,QFG,EUR,2022-09-20,6.1,6.1,6.0,6.02,1582,8,6.0332
BE0003730448,36790795,QFG,EUR,2022-09-21,5.96,5.98,5.96,5.96,5449,16,5.96055
BE0003730448,36790795,QFG,EUR,2022-09-22,5.96,5.96,5.9,5.92,4814,14,5.92455
BE0003730448,36790795,QFG,EUR,2022-09-23,5.92,5.94,5.66,5.66,11348,45,5.7953
BE0003730448,36790795,QFG,EUR,2022-09-26,5.7,5.74,5.54,5.54,7451,32,5.6382
BE0003730448,36790795,QFG,EUR,2022-09-27,5.56,5.76,5.56,5.66,1090,5,5.69365
BE0003730448,36790795,QFG,EUR,2022-09-28,5.62,5.64,5.48,5.48,10097,23,5.5322
BE0003730448,36790795,QFG,EUR,2022-09-29,5.6,5.68,5.4,5.4,6869,17,5.52335
BE0003730448,36790795,QFG,EUR,2022-09-30,5.7,5.7,5.56,5.64,1708,10,5.64285
BE0003730448,36790795,QFG,EUR,2022-10-03,5.52,5.52,5.52,5.52,299,5,5.52
BE0003730448,36790795,QFG,EUR,2022-10-04,5.56,5.7,5.56,5.7,5113,20,5.63675
BE0003730448,36790795,QFG,EUR,2022-10-05,5.4,5.74,5.4,5.7,5234,24,5.5369
BE0003730448,36790795,QFG,EUR,2022-10-06,5.7,5.78,5.68,5.7,3531,17,5.7337
BE0003730448,36790795,QFG,EUR,2022-10-07,5.76,5.76,5.7,5.7,1940,10,5.7055
BE0003730448,36790795,QFG,EUR,2022-10-10,5.7,5.74,5.62,5.74,2436,7,5.66655
BE0003730448,36790795,QFG,EUR,2022-10-11,5.66,5.66,5.64,5.64,1487,3,5.6415
BE0003730448,36790795,QFG,EUR,2022-10-12,5.64,5.64,5.64,5.64,120,1,5.64
BE0003730448,36790795,QFG,EUR,2022-10-13,5.64,5.64,5.62,5.62,476,2,5.63065
BE0003730448,36790795,QFG,EUR,2022-10-14,5.6,5.68,5.5,5.6,4549,16,5.57765
BE0003730448,36790795,QFG,EUR,2022-10-17,5.6,5.6,5.52,5.54,2999,13,5.5712
BE0003730448,36790795,QFG,EUR,2022-10-18,5.66,5.72,5.6,5.72,2841,9,5.67925
BE0003730448,36790795,QFG,EUR,2022-10-19,5.7,5.7,5.62,5.62,290,2,5.6545
BE0003730448,36790795,QFG,EUR,2022-10-20,5.72,5.72,5.72,5.72,100,1,5.72
BE0003730448,36790795,QFG,EUR,2022-10-21,5.62,5.72,5.62,5.72,790,5,5.65925
BE0003730448,36790795,QFG,EUR,2022-10-24,5.62,5.66,5.58,5.6,8936,29,5.62685
BE0003730448,36790795,QFG,EUR,2022-10-25,5.58,5.66,5.58,5.66,1309,6,5.6186
BE0003730448,36790795,QFG,EUR,2022-10-26,5.7,5.7,5.66,5.7,1059,3,5.6834
BE0003730448,36790795,QFG,EUR,2022-10-27,5.7,5.72,5.7,5.72,2346,5,5.71505
BE0003730448,36790795,QFG,EUR,2022-10-28,5.76,5.78,5.62,5.7,9090,23,5.6973
BE0003730448,36790795,QFG,EUR,2022-10-31,5.66,5.7,5.66,5.66,3740,12,5.69235
BE0003730448,36790795,QFG,EUR,2022-11-01,5.7,5.7,5.7,5.7,4331,7,5.7
BE0003730448,36790795,QFG,EUR,2022-11-02,5.7,5.76,5.7,5.7,1315,9,5.71645
BE0003730448,36790795,QFG,EUR,2022-11-03,5.76,5.76,5.64,5.7,3987,10,5.68485
BE0003730448,36790795,QFG,EUR,2022-11-04,5.64,5.72,5.62,5.7,5076,18,5.6732
BE0003730448,36790795,QFG,EUR,2022-11-07,5.72,5.72,5.6,5.7,7340,23,5.66565
BE0003730448,36790795,QFG,EUR,2022-11-08,5.7,5.88,5.7,5.78,3479,13,5.7351
BE0003730448,36790795,QFG,EUR,2022-11-09,5.8,5.8,5.64,5.7,5617,19,5.69565
BE0003730448,36790795,QFG,EUR,2022-11-10,5.74,5.76,5.72,5.76,2553,12,5.75065
BE0003730448,36790795,QFG,EUR,2022-11-11,5.8,5.98,5.8,5.82,3423,10,5.8497
BE0003730448,36790795,QFG,EUR,2022-11-14,5.7,5.92,5.7,5.76,10873,20,5.7356
BE0003730448,36790795,QFG,EUR,2022-11-15,5.8,5.86,5.7,5.76,1893,19,5.76395
BE0003730448,36790795,QFG,EUR,2022-11-16,5.76,5.84,5.74,5.74,859,9,5.74435
BE0003730448,36790795,QFG,EUR,2022-11-17,5.84,5.86,5.74,5.82,362,5,5.8167
BE0003730448,36790795,QFG,EUR,2022-11-18,5.82,5.84,5.74,5.8,2944,14,5.8098
BE0003730448,36790795,QFG,EUR,2022-11-21,5.82,5.82,5.8,5.8,317,4,5.80695
BE0003730448,36790795,QFG,EUR,2022-11-22,5.84,5.84,5.82,5.84,1320,6,5.8379
BE0003730448,36790795,QFG,EUR,2022-11-23,5.84,5.88,5.82,5.82,2349,13,5.8563
BE0003730448,36790795,QFG,EUR,2022-11-24,5.8,5.9,5.8,5.9,4324,10,5.8355
BE0003730448,36790795,QFG,EUR,2022-11-25,5.88,5.92,5.82,5.88,3084,9,5.86625
BE0003730448,36790795,QFG,EUR,2022-11-28,5.84,5.84,5.8,5.84,2891,11,5.8149
BE0003730448,36790795,QFG,EUR,2022-11-29,5.8,5.82,5.7,5.8,9751,23,5.73345
BE0003730448,36790795,QFG,EUR,2022-11-30,5.9,5.9,5.76,5.76,4330,13,5.87545
BE0003730448,36790795,QFG,EUR,2022-12-01,5.76,5.82,5.7,5.74,5309,19,5.75985
BE0003730448,36790795,QFG,EUR,2022-12-02,5.74,5.82,5.74,5.8,1304,5,5.78005
BE0003730448,36790795,QFG,EUR,2022-12-05,5.82,5.86,5.76,5.82,2825,18,5.8165
BE0003730448,36790795,QFG,EUR,2022-12-06,5.84,5.84,5.8,5.84,458,10,5.83485
BE0003730448,36790795,QFG,EUR,2022-12-07,5.82,5.84,5.8,5.8,1617,10,5.81715
BE0003730448,36790795,QFG,EUR,2022-12-08,5.8,5.8,5.8,5.8,976,7,5.8
BE0003730448,36790795,QFG,EUR,2022-12-09,5.78,5.84,5.74,5.84,1974,6,5.76125
BE0003730448,36790795,QFG,EUR,2022-12-12,5.9,5.94,5.82,5.94,7077,18,5.896
BE0003730448,36790795,QFG,EUR,2022-12-13,5.92,5.96,5.82,5.96,3615,12,5.9079
BE0003730448,36790795,QFG,EUR,2022-12-14,5.96,5.98,5.88,5.88,3044,11,5.9449
BE0003730448,36790795,QFG,EUR,2022-12-15,5.74,5.8,5.74,5.74,9156,16,5.74295
BE0003730448,36790795,QFG,EUR,2022-12-16,5.78,5.92,5.78,5.88,1854,5,5.8225
BE0003730448,36790795,QFG,EUR,2022-12-19,5.78,5.88,5.78,5.86,4329,12,5.81615
BE0003730448,36790795,QFG,EUR,2022-12-20,5.86,5.86,5.78,5.86,3757,11,5.8105
BE0003730448,36790795,QFG,EUR,2022-12-21,5.86,5.86,5.78,5.78,3737,7,5.8065
BE0003730448,36790795,QFG,EUR,2022-12-22,5.8,5.8,5.78,5.8,3222,9,5.7825
BE0003730448,36790795,QFG,EUR,2022-12-23,5.78,6.0,5.78,5.96,8002,15,5.91635
BE0003730448,36790795,QFG,EUR,2022-12-27,5.92,6.1,5.92,6.08,7551,11,5.9767
BE0003730448,36790795,QFG,EUR,2022-12-28,6.08,6.08,6.0,6.0,3745,9,6.01835
BE0003730448,36790795,QFG,EUR,2022-12-29,6.06,6.06,5.86,6.0,2007,6,5.97505
BE0003730448,36790795,QFG,EUR,2022-12-30,6.0,6.0,6.0,6.0,409,3,6.0
BE0003730448,36790795,QFG,EUR,2023-01-02,6.02,6.1,6.02,6.1,3075,5,6.0825
BE0003730448,36790795,QFG,EUR,2023-01-03,5.86,6.06,5.86,6.0,4323,19,5.9213
BE0003730448,36790795,QFG,EUR,2023-01-04,5.92,6.08,5.9,6.08,2205,8,6.0294
BE0003730448,36790795,QFG,EUR,2023-01-05,6.0,6.08,6.0,6.08,466,3,6.0285
BE0003730448,36790795,QFG,EUR,2023-01-06,6.0,6.06,5.9,6.06,2964,11,5.9536
BE0003730448,36790795,QFG,EUR,2023-01-09,5.9,6.02,5.88,6.0,11544,31,5.91285
BE0003730448,36790795,QFG,EUR,2023-01-10,6.0,6.02,5.98,6.02,2600,10,6.0033
BE0003730448,36790795,QFG,EUR,2023-01-11,6.02,6.06,6.02,6.06,2054,9,6.04635
BE0003730448,36790795,QFG,EUR,2023-01-12,6.06,6.06,5.9,5.94,4659,15,5.9591
BE0003730448,36790795,QFG,EUR,2023-01-13,5.92,6.0,5.9,5.92,5668,16,5.9295
BE0003730448,36790795,QFG,EUR,2023-01-16,6.04,6.04,5.94,6.04,2091,6,6.03455
BE0003730448,36790795,QFG,EUR,2023-01-17,6.0,6.0,5.96,5.96,2858,10,5.9852
BE0003730448,36790795,QFG,EUR,2023-01-18,6.04,6.06,5.96,6.06,2398,7,6.04205
BE0003730448,36790795,QFG,EUR,2023-01-19,6.0,6.0,5.86,5.86,10868,20,5.93845
BE0003730448,36790795,QFG,EUR,2023-01-20,5.86,6.0,5.86,5.96,2764,10,5.92605
BE0003730448,36790795,QFG,EUR,2023-01-23,6.0,6.0,5.86,5.98,2575,13,5.93785
BE0003730448,36790795,QFG,EUR,2023-01-24,6.0,6.04,5.94,5.94,2043,8,5.99175
BE0003730448,36790795,QFG,EUR,2023-01-25,5.96,5.96,5.94,5.94,343,4,5.94585
BE0003730448,36790795,QFG,EUR,2023-01-26,5.94,6.04,5.94,6.04,3667,13,5.98635
BE0003730448,36790795,QFG,EUR,2023-01-27,5.96,5.96,5.84,5.84,26744,64,5.87705
BE0003730448,36790795,QFG,EUR,2023-01-30,5.84,5.9,5.7,5.82,29072,69,5.7852
BE0003730448,36790795,QFG,EUR,2023-01-31,5.86,5.86,5.7,5.78,3232,15,5.78645
BE0003730448,36790795,QFG,EUR,2023-02-01,5.8,5.8,5.72,5.74,4486,18,5.77545
BE0003730448,36790795,QFG,EUR,2023-02-02,5.74,6.1,5.74,6.1,25073,48,5.94685
BE0003730448,36790795,QFG,EUR,2023-02-03,6.0,6.0,5.9,6.0,719,6,5.9799
BE0003730448,36790795,QFG,EUR,2023-02-06,6.0,6.0,5.9,5.9,3014,15,5.92285
BE0003730448,36790795,QFG,EUR,2023-02-07,6.0,6.0,5.92,5.96,320,3,5.9589
BE0003730448,36790795,QFG,EUR,2023-02-08,5.82,5.9,5.82,5.9,6714,20,5.83495
BE0003730448,36790795,QFG,EUR,2023-02-09,5.9,5.94,5.84,5.84,3593,13,5.88615
BE0003730448,36790795,QFG,EUR,2023-02-10,5.9,5.9,5.84,5.84,2950,7,5.8746
BE0003730448,36790795,QFG,EUR,2023-02-13,5.84,5.9,5.84,5.84,2763,9,5.86195
BE0003730448,36790795,QFG,EUR,2023-02-14,5.9,5.94,5.84,5.9,1200,6,5.8754
BE0003730448,36790795,QFG,EUR,2023-02-15,5.92,5.94,5.84,5.84,4301,12,5.85935
BE0003730448,36790795,QFG,EUR,2023-02-16,5.84,5.94,5.84,5.86,9377,15,5.88715
BE0003730448,36790795,QFG,EUR,2023-02-17,5.86,5.9,5.86,5.86,2324,9,5.8962
BE0003730448,36790795,QFG,EUR,2023-02-20,5.92,5.92,5.86,5.86,687,3,5.892
BE0003730448,36790795,QFG,EUR,2023-02-21,5.84,5.9,5.84,5.9,3014,6,5.8722
BE0003730448,36790795,QFG,EUR,2023-02-22,5.9,5.9,5.74,5.74,22297,28,5.80905
BE0003730448,36790795,QFG,EUR,2023-02-23,5.86,5.9,5.8,5.84,2312,11,5.88165
BE0003730448,36790795,QFG,EUR,2023-02-24,5.92,5.92,5.86,5.88,2606,7,5.90565
BE0003730448,36790795,QFG,EUR,2023-02-27,5.86,5.88,5.86,5.86,4035,12,5.86175
BE0003730448,36790795,QFG,EUR,2023-02-28,5.88,5.9,5.84,5.9,2364,10,5.86935
BE0003730448,36790795,QFG,EUR,2023-03-01,5.82,5.92,5.82,5.92,1775,9,5.89605
BE0003730448,36790795,QFG,EUR,2023-03-02,5.9,5.9,5.82,5.9,6190,7,5.8718
BE0003730448,36790795,QFG,EUR,2023-03-03,5.9,5.9,5.86,5.86,2845,10,5.8688
BE0003730448,36790795,QFG,EUR,2023-03-06,5.9,5.9,5.82,5.88,4500,10,5.8565
BE0003730448,36790795,QFG,EUR,2023-03-07,5.88,5.88,5.8,5.88,7959,15,5.82855
BE0003730448,36790795,QFG,EUR,2023-03-08,5.88,5.88,5.88,5.88,3430,8,5.88
BE0003730448,36790795,QFG,EUR,2023-03-09,5.84,5.9,5.82,5.82,1828,12,5.8507
BE0003730448,36790795,QFG,EUR,2023-03-10,5.82,5.82,5.76,5.8,8353,12,5.7955
BE0003730448,36790795,QFG,EUR,2023-03-13,5.7,5.8,5.6,5.6,28824,56,5.6495
BE0003730448,36790795,QFG,EUR,2023-03-14,5.6,5.72,5.58,5.6,3954,17,5.60885
BE0003730448,36790795,QFG,EUR,2023-03-15,5.68,5.68,5.56,5.56,4174,15,5.5776
BE0003730448,36790795,QFG,EUR,2023-03-16,5.6,5.6,5.52,5.6,2705,14,5.557
BE0003730448,36790795,QFG,EUR,2023-03-17,5.6,5.6,5.6,5.6,0,0,5.6
BE0003730448,36790795,QFG,EUR,2023-03-20,5.62,5.62,5.5,5.6,3327,14,5.5649
BE0003730448,36790795,QFG,EUR,2023-03-21,5.6,5.6,5.5,5.56,11703,30,5.5288
BE0003730448,36790795,QFG,EUR,2023-03-22,5.54,5.56,5.5,5.56,5820,4,5.559
BE0003730448,36790795,QFG,EUR,2023-03-23,5.54,5.56,5.46,5.5,7611,17,5.5105
BE0003730448,36790795,QFG,EUR,2023-03-24,5.5,5.5,5.4,5.4,4691,18,5.4345
BE0003730448,36790795,QFG,EUR,2023-03-27,5.4,5.5,5.38,5.46,11883,34,5.4164
BE0003730448,36790795,QFG,EUR,2023-03-28,5.46,5.48,5.34,5.48,7096,17,5.4097
BE0003730448,36790795,QFG,EUR,2023-03-29,5.5,5.5,5.36,5.5,8201,18,5.42775
BE0003730448,36790795,QFG,EUR,2023-03-30,5.5,5.54,5.46,5.5,3962,15,5.4942
BE0003730448,36790795,QFG,EUR,2023-03-31,5.5,5.6,5.5,5.6,3670,10,5.5554
BE0003730448,36790795,QFG,EUR,2023-04-03,5.62,5.62,5.6,5.6,3662,12,5.61835
BE0003730448,36790795,QFG,EUR,2023-04-04,5.62,5.74,5.5,5.66,12221,26,5.6123
BE0003730448,36790795,QFG,EUR,2023-04-05,5.6,5.78,5.54,5.6,12689,28,5.6489
BE0003730448,36790795,QFG,EUR,2023-04-06,5.56,5.7,5.56,5.7,12007,13,5.68215
BE0003730448,36790795,QFG,EUR,2023-04-11,5.78,5.78,5.62,5.64,4431,17,5.73475
BE0003730448,36790795,QFG,EUR,2023-04-12,5.7,5.76,5.7,5.74,10560,31,5.71995
BE0003730448,36790795,QFG,EUR,2023-04-13,5.74,5.74,5.7,5.7,6072,10,5.7022
BE0003730448,36790795,QFG,EUR,2023-04-14,5.7,5.78,5.7,5.78,2702,15,5.72605
BE0003730448,36790795,QFG,EUR,2023-04-17,5.7,5.7,5.62,5.62,4569,14,5.65895
BE0003730448,36790795,QFG,EUR,2023-04-18,5.6,5.72,5.6,5.68,6032,21,5.6878
BE0003730448,36790795,QFG,EUR,2023-04-19,5.66,5.72,5.66,5.72,4046,12,5.69894
BE0003730448,36790795,QFG,EUR,2023-04-20,5.66,5.72,5.64,5.72,4946,19,5.66912
BE0003730448,36790795,QFG,EUR,2023-04-21,5.68,5.72,5.68,5.72,4864,10,5.71496
BE0003730448,36790795,QFG,EUR,2023-04-24,5.66,5.72,5.66,5.72,8902,22,5.69532
BE0003730448,36790795,QFG,EUR,2023-04-25,5.62,5.7,5.62,5.68,2602,9,5.66238
BE0003730448,36790795,QFG,EUR,2023-04-26,5.62,5.62,5.6,5.6,1245,6,5.6142
BE0003730448,36790795,QFG,EUR,2023-04-27,5.6,5.6,5.6,5.6,1510,9,5.6
BE0003730448,36790795,QFG,EUR,2023-04-28,5.7,5.74,5.64,5.7,13211,47,5.70394
BE0003730448,36790795,QFG,EUR,2023-05-02,5.76,5.76,5.7,5.7,5348,15,5.72822
BE0003730448,36790795,QFG,EUR,2023-05-03,5.72,5.72,5.62,5.62,2507,13,5.6592
BE0003730448,36790795,QFG,EUR,2023-05-04,5.62,5.72,5.6,5.7,5584,23,5.62856
BE0003730448,36790795,QFG,EUR,2023-05-05,5.7,5.7,5.6,5.68,2234,12,5.65558
BE0003730448,36790795,QFG,EUR,2023-05-08,5.6,5.64,5.6,5.64,2367,7,5.60424
BE0003730448,36790795,QFG,EUR,2023-05-09,5.6,5.64,5.6,5.6,3786,14,5.6207
BE0003730448,36790795,QFG,EUR,2023-05-10,5.6,5.64,5.6,5.64,4606,18,5.6042
BE0003730448,36790795,QFG,EUR,2023-05-11,5.64,5.64,5.6,5.64,5780,7,5.63952
BE0003730448,36790795,QFG,EUR,2023-05-12,5.64,5.64,5.6,5.64,1356,7,5.63784
BE0003730448,36790795,QFG,EUR,2023-05-15,5.6,5.62,5.6,5.62,3545,16,5.60056
BE0003730448,36790795,QFG,EUR,2023-05-16,5.58,5.6,5.54,5.56,5673,19,5.5669
BE0003730448,36790795,QFG,EUR,2023-05-17,5.6,5.6,5.54,5.56,3031,16,5.56792
BE0003730448,36790795,QFG,EUR,2023-05-18,5.56,5.7,5.54,5.68,1602,12,5.60874
BE0003730448,36790795,QFG,EUR,2023-05-19,5.58,5.58,5.56,5.58,1034,4,5.57894
BE0003730448,36790795,QFG,EUR,2023-05-22,5.66,5.66,5.62,5.62,940,3,5.62852
BE0003730448,36790795,QFG,EUR,2023-05-23,5.68,5.68,5.62,5.68,2997,11,5.66784
BE0003730448,36790795,QFG,EUR,2023-05-24,5.64,5.66,5.62,5.62,4547,13,5.65748
BE0003730448,36790795,QFG,EUR,2023-05-25,5.62,5.62,5.62,5.62,1491,5,5.62
BE0003730448,36790795,QFG,EUR,2023-05-26,5.58,5.58,5.48,5.58,22406,50,5.52938
BE0003730448,36790795,QFG,EUR,2023-05-29,5.5,5.52,5.5,5.52,465,2,5.50246
BE0003730448,36790795,QFG,EUR,2023-05-30,5.54,5.54,5.52,5.52,760,2,5.53316
BE0003730448,36790795,QFG,EUR,2023-05-31,5.6,5.6,5.52,5.52,5737,19,5.56122
BE0003730448,36790795,QFG,EUR,2023-06-01,5.52,5.6,5.52,5.6,2161,7,5.59104
BE0003730448,36790795,QFG,EUR,2023-06-02,5.62,5.62,5.6,5.62,1148,10,5.6071
BE0003730448,36790795,QFG,EUR,2023-06-05,5.64,5.66,5.5,5.66,18893,43,5.57498
BE0003730448,36790795,QFG,EUR,2023-06-06,5.58,5.64,5.56,5.64,779,7,5.58422
BE0003730448,36790795,QFG,EUR,2023-06-07,5.66,5.66,5.58,5.64,1323,9,5.63738
BE0003730448,36790795,QFG,EUR,2023-06-08,5.64,5.66,5.5,5.6,8790,15,5.53748
BE0003730448,36790795,QFG,EUR,2023-06-09,5.6,5.6,5.54,5.6,1171,7,5.5977
BE0003730448,36790795,QFG,EUR,2023-06-12,5.54,5.6,5.52,5.6,3237,8,5.536
BE0003730448,36790795,QFG,EUR,2023-06-13,5.54,5.6,5.5,5.5,14458,37,5.53504
BE0003730448,36790795,QFG,EUR,2023-06-14,5.5,5.52,5.48,5.48,5763,23,5.49976
BE0003730448,36790795,QFG,EUR,2023-06-15,5.48,5.5,5.46,5.5,5931,21,5.4823
BE0003730448,36790795,QFG,EUR,2023-06-16,5.48,5.5,5.48,5.5,4215,4,5.4985
BE0003730448,36790795,QFG,EUR,2023-06-19,5.56,5.56,5.48,5.48,2461,13,5.50346
BE0003730448,36790795,QFG,EUR,2023-06-20,5.46,5.5,5.44,5.48,4771,14,5.46876
BE0003730448,36790795,QFG,EUR,2023-06-21,5.48,5.48,5.42,5.48,9215,15,5.434
BE0003730448,36790795,QFG,EUR,2023-06-22,5.42,5.48,5.42,5.48,2299,10,5.43174
BE0003730448,36790795,QFG,EUR,2023-06-23,5.42,5.48,5.4,5.4,9288,29,5.4102
BE0003730448,36790795,QFG,EUR,2023-06-26,5.4,5.48,5.4,5.4,4575,16,5.41154
BE0003730448,36790795,QFG,EUR,2023-06-27,5.38,5.48,5.38,5.4,1651,11,5.44504
BE0003730448,36790795,QFG,EUR,2023-06-28,5.4,5.48,5.36,5.48,4772,17,5.41816
BE0003730448,36790795,QFG,EUR,2023-06-29,5.4,5.46,5.36,5.38,2520,10,5.40118
BE0003730448,36790795,QFG,EUR,2023-06-30,5.38,5.46,5.38,5.46,1538,13,5.40928
BE0003730448,36790795,QFG,EUR,2023-07-03,5.4,5.46,5.34,5.42,5729,26,5.39028
BE0003730448,36790795,QFG,EUR,2023-07-04,5.48,5.48,5.32,5.4,3513,9,5.3566
BE0003730448,36790795,QFG,EUR,2023-07-05,5.34,5.42,5.34,5.42,3727,14,5.35276
BE0003730448,36790795,QFG,EUR,2023-07-06,5.36,5.4,5.36,5.36,1161,9,5.37498
BE0003730448,36790795,QFG,EUR,2023-07-07,5.36,5.4,5.34,5.38,2776,12,5.36732
BE0003730448,36790795,QFG,EUR,2023-07-10,5.4,5.4,5.32,5.32,3775,25,5.3489
BE0003730448,36790795,QFG,EUR,2023-07-11,5.38,5.38,5.32,5.34,716,8,5.33564
BE0003730448,36790795,QFG,EUR,2023-07-12,5.38,5.42,5.32,5.36,17490,22,5.35092
BE0003730448,36790795,QFG,EUR,2023-07-13,5.32,5.36,5.3,5.32,8995,29,5.32428
BE0003730448,36790795,QFG,EUR,2023-07-14,5.4,5.46,5.3,5.46,4250,15,5.38652
BE0003730448,36790795,QFG,EUR,2023-07-17,5.38,5.46,5.26,5.28,13500,43,5.33056
BE0003730448,36790795,QFG,EUR,2023-07-18,5.36,5.36,5.26,5.32,2786,13,5.30416
BE0003730448,36790795,QFG,EUR,2023-07-19,5.32,5.38,5.3,5.38,3574,15,5.34092
BE0003730448,36790795,QFG,EUR,2023-07-20,5.38,5.4,5.32,5.4,1751,10,5.3579
BE0003730448,36790795,QFG,EUR,2023-07-21,5.42,5.44,5.4,5.42,7359,21,5.42284
BE0003730448,36790795,QFG,EUR,2023-07-24,5.42,5.42,5.36,5.42,989,6,5.40838
BE0003730448,36790795,QFG,EUR,2023-07-25,5.36,5.4,5.36,5.4,2405,10,5.3925
BE0003730448,36790795,QFG,EUR,2023-07-26,5.36,5.4,5.36,5.4,2568,11,5.38166
BE0003730448,36790795,QFG,EUR,2023-07-27,5.4,5.42,5.34,5.42,6835,15,5.3886
BE0003730448,36790795,QFG,EUR,2023-07-28,5.42,5.44,5.3,5.4,18510,41,5.37524
BE0003730448,36790795,QFG,EUR,2023-07-31,5.44,5.5,5.36,5.5,16821,43,5.42872
BE0003730448,36790795,QFG,EUR,2023-08-01,5.52,5.58,5.42,5.42,5007,21,5.5028
BE0003730448,36790795,QFG,EUR,2023-08-02,5.44,5.48,5.36,5.36,7401,28,5.42596
BE0003730448,36790795,QFG,EUR,2023-08-03,5.48,5.48,5.38,5.38,3174,9,5.42144
BE0003730448,36790795,QFG,EUR,2023-08-04,5.38,5.48,5.36,5.48,8818,17,5.3945
BE0003730448,36790795,QFG,EUR,2023-08-07,5.46,5.5,5.42,5.5,6105,12,5.4688
BE0003730448,36790795,QFG,EUR,2023-08-08,5.44,5.46,5.4,5.4,4324,12,5.431
BE0003730448,36790795,QFG,EUR,2023-08-09,5.4,5.48,5.4,5.48,2319,8,5.41194
BE0003730448,36790795,QFG,EUR,2023-08-10,5.44,5.44,5.4,5.4,6030,11,5.41118
BE0003730448,36790795,QFG,EUR,2023-08-11,5.44,5.44,5.4,5.4,6912,21,5.42024
BE0003730448,36790795,QFG,EUR,2023-08-14,5.4,5.4,5.36,5.36,7582,14,5.36352
BE0003730448,36790795,QFG,EUR,2023-08-15,5.36,5.36,5.36,5.36,3208,5,5.36
BE0003730448,36790795,QFG,EUR,2023-08-16,5.36,5.42,5.3,5.42,16060,36,5.33864
BE0003730448,36790795,QFG,EUR,2023-08-17,5.28,5.38,5.28,5.38,5549,16,5.33824
BE0003730448,36790795,QFG,EUR,2023-08-18,5.4,5.4,5.3,5.3,2891,11,5.34064
BE0003730448,36790795,QFG,EUR,2023-08-21,5.26,5.38,5.26,5.38,10984,26,5.26674
BE0003730448,36790795,QFG,EUR,2023-08-22,5.38,5.38,5.3,5.3,4682,22,5.361
BE0003730448,36790795,QFG,EUR,2023-08-23,5.3,5.4,5.24,5.3,7626,22,5.31052
BE0003730448,36790795,QFG,EUR,2023-08-24,5.4,5.4,5.32,5.32,302,2,5.37828
BE0003730448,36790795,QFG,EUR,2023-08-25,5.32,5.34,5.22,5.34,9360,21,5.28226
BE0003730448,36790795,QFG,EUR,2023-08-28,5.32,5.38,5.3,5.3,2188,10,5.32016
BE0003730448,36790795,QFG,EUR,2023-08-29,5.34,5.34,5.24,5.24,4479,15,5.28958
BE0003730448,36790795,QFG,EUR,2023-08-30,5.3,5.3,5.3,5.3,325,4,5.3
BE0003730448,36790795,QFG,EUR,2023-08-31,5.3,5.36,5.24,5.34,5871,19,5.3079
BE0003730448,36790795,QFG,EUR,2023-09-01,5.34,5.34,5.34,5.34,64,3,5.34
BE0003730448,36790795,QFG,EUR,2023-09-04,5.26,5.3,5.22,5.22,5806,26,5.23684
BE0003730448,36790795,QFG,EUR,2023-09-05,5.28,5.28,5.16,5.2,17394,35,5.20998
BE0003730448,36790795,QFG,EUR,2023-09-06,5.18,5.28,5.18,5.28,3271,12,5.23122
BE0003730448,36790795,QFG,EUR,2023-09-07,5.26,5.28,5.2,5.22,4019,18,5.24402
BE0003730448,36790795,QFG,EUR,2023-09-08,5.24,5.26,5.2,5.22,3821,15,5.2252
BE0003730448,36790795,QFG,EUR,2023-09-11,5.2,5.26,5.12,5.14,18529,65,5.14788
BE0003730448,36790795,QFG,EUR,2023-09-12,5.2,5.2,5.14,5.18,1393,8,5.18566
BE0003730448,36790795,QFG,EUR,2023-09-13,5.14,5.18,5.14,5.14,3565,13,5.15686
BE0003730448,36790795,QFG,EUR,2023-09-14,5.12,5.18,5.12,5.12,3313,15,5.13568
BE0003730448,36790795,QFG,EUR,2023-09-15,5.12,5.2,5.1,5.1,10594,36,5.13482
BE0003730448,36790795,QFG,EUR,2023-09-18,5.1,5.14,5.06,5.12,4412,17,5.09352
BE0003730448,36790795,QFG,EUR,2023-09-19,5.14,5.14,5.1,5.14,2902,11,5.12748
BE0003730448,36790795,QFG,EUR,2023-09-20,5.12,5.14,5.08,5.14,2287,15,5.11142
BE0003730448,36790795,QFG,EUR,2023-09-21,5.06,5.12,5.06,5.06,5071,13,5.0652
BE0003730448,36790795,QFG,EUR,2023-09-22,5.04,5.08,5.02,5.04,7856,22,5.04362
BE0003730448,36790795,QFG,EUR,2023-09-25,5.02,5.08,5.0,5.02,6303,19,5.01554
BE0003730448,36790795,QFG,EUR,2023-09-26,5.0,5.06,5.0,5.0,2066,8,5.00122
BE0003730448,36790795,QFG,EUR,2023-09-27,5.02,5.06,5.0,5.02,10581,18,5.0188
BE0003730448,36790795,QFG,EUR,2023-09-28,5.08,5.08,5.04,5.04,1398,5,5.05522
BE0003730448,36790795,QFG,EUR,2023-09-29,5.04,5.1,5.04,5.1,2689,11,5.09066
BE0003730448,36790795,QFG,EUR,2023-10-02,5.1,5.12,5.02,5.02,11693,29,5.07402
BE0003730448,36790795,QFG,EUR,2023-10-03,5.04,5.12,5.02,5.06,2631,11,5.0365
BE0003730448,36790795,QFG,EUR,2023-10-04,5.02,5.04,4.95,5.04,10412,27,5.00222
BE0003730448,36790795,QFG,EUR,2023-10-05,4.98,5.1,4.94,4.94,9705,25,4.99276
BE0003730448,36790795,QFG,EUR,2023-10-06,5.0,5.04,4.94,4.95,5580,19,4.9722
BE0003730448,36790795,QFG,EUR,2023-10-09,5.06,5.06,4.96,5.0,1303,11,5.01324
BE0003730448,36790795,QFG,EUR,2023-10-10,5.0,5.04,5.0,5.04,6234,14,5.0064
BE0003730448,36790795,QFG,EUR,2023-10-11,5.02,5.04,5.02,5.04,714,4,5.0277
BE0003730448,36790795,QFG,EUR,2023-10-12,5.0,5.06,5.0,5.0,2816,11,5.00352
BE0003730448,36790795,QFG,EUR,2023-10-13,5.06,5.06,5.0,5.06,1295,6,5.00478
BE0003730448,36790795,QFG,EUR,2023-10-16,5.0,5.02,4.99,4.99,6086,20,4.99912
BE0003730448,36790795,QFG,EUR,2023-10-17,4.99,4.99,4.94,4.99,5202,12,4.97354
BE0003730448,36790795,QFG,EUR,2023-10-18,4.94,4.99,4.91,4.92,6731,25,4.95664
BE0003730448,36790795,QFG,EUR,2023-10-19,4.86,4.87,4.76,4.76,16121,25,4.85638
BE0003730448,36790795,QFG,EUR,2023-10-20,4.75,4.79,4.56,4.64,18090,41,4.66218
BE0003730448,36790795,QFG,EUR,2023-10-23,4.64,4.79,4.64,4.74,4966,13,4.736
BE0003730448,36790795,QFG,EUR,2023-10-24,4.6,4.6,4.56,4.6,13762,27,4.59392
BE0003730448,36790795,QFG,EUR,2023-10-25,4.56,4.6,4.56,4.6,25982,16,4.59762
BE0003730448,36790795,QFG,EUR,2023-10-26,4.6,4.6,4.58,4.58,1236,7,4.59118
BE0003730448,36790795,QFG,EUR,2023-10-27,4.58,4.59,4.52,4.59,9133,27,4.57134
BE0003730448,36790795,QFG,EUR,2023-10-30,4.55,4.58,4.5,4.52,8671,26,4.54704
BE0003730448,36790795,QFG,EUR,2023-10-31,4.52,4.6,4.5,4.6,6633,20,4.54888
BE0003730448,36790795,QFG,EUR,2023-11-01,4.43,4.59,4.43,4.51,11095,28,4.48144
BE0003730448,36790795,QFG,EUR,2023-11-02,4.5,4.59,4.5,4.57,4730,17,4.55376
BE0003730448,36790795,QFG,EUR,2023-11-03,4.57,4.7,4.54,4.63,10447,30,4.5845
BE0003730448,36790795,QFG,EUR,2023-11-06,4.78,4.89,4.64,4.7,14155,32,4.7453
BE0003730448,36790795,QFG,EUR,2023-11-07,4.7,4.7,4.7,4.7,400,3,4.7
BE0003730448,36790795,QFG,EUR,2023-11-08,4.7,4.79,4.58,4.58,7718,26,4.64604
BE0003730448,36790795,QFG,EUR,2023-11-09,4.6,4.6,4.58,4.58,2795,17,4.5945
BE0003730448,36790795,QFG,EUR,2023-11-10,4.6,4.78,4.59,4.67,2660,14,4.66854
BE0003730448,36790795,QFG,EUR,2023-11-13,4.6,4.68,4.59,4.6,5210,27,4.6011
BE0003730448,36790795,QFG,EUR,2023-11-14,4.6,4.66,4.57,4.66,5219,13,4.59778
BE0003730448,36790795,QFG,EUR,2023-11-15,4.7,4.8,4.7,4.75,6270,16,4.74608
BE0003730448,36790795,QFG,EUR,2023-11-16,4.8,4.8,4.75,4.8,3199,11,4.77956
BE0003730448,36790795,QFG,EUR,2023-11-17,4.75,4.8,4.74,4.8,4181,11,4.76586
BE0003730448,36790795,QFG,EUR,2023-11-20,4.81,4.82,4.78,4.79,2682,15,4.80372
BE0003730448,36790795,QFG,EUR,2023-11-21,4.82,4.85,4.78,4.85,5053,14,4.81004
BE0003730448,36790795,QFG,EUR,2023-11-22,4.79,4.86,4.79,4.86,723,6,4.80452
BE0003730448,36790795,QFG,EUR,2023-11-23,4.88,4.97,4.87,4.97,8513,22,4.88894
BE0003730448,36790795,QFG,EUR,2023-11-24,4.94,4.96,4.86,4.96,5425,14,4.94092
BE0003730448,36790795,QFG,EUR,2023-11-27,4.98,5.0,4.93,4.93,9800,23,4.947
BE0003730448,36790795,QFG,EUR,2023-11-28,4.92,4.99,4.92,4.92,4780,13,4.94158
BE0003730448,36790795,QFG,EUR,2023-11-29,4.95,5.08,4.95,5.02,6671,16,5.01142
BE0003730448,36790795,QFG,EUR,2023-11-30,5.1,5.18,5.1,5.12,4758,14,5.12696
BE0003730448,36790795,QFG,EUR,2023-12-01,5.14,5.18,5.1,5.14,7827,19,5.13724
BE0003730448,36790795,QFG,EUR,2023-12-04,5.12,5.18,5.12,5.12,5774,20,5.13798
BE0003730448,36790795,QFG,EUR,2023-12-05,5.18,5.18,5.1,5.14,2185,12,5.13698
BE0003730448,36790795,QFG,EUR,2023-12-06,5.14,5.28,5.14,5.18,11044,25,5.18972
BE0003730448,36790795,QFG,EUR,2023-12-07,5.18,5.2,5.18,5.2,2201,9,5.18508
BE0003730448,36790795,QFG,EUR,2023-12-08,5.2,5.22,5.16,5.18,5005,17,5.18178
BE0003730448,36790795,QFG,EUR,2023-12-11,5.26,5.26,5.0,5.02,21560,23,5.13698
BE0003730448,36790795,QFG,EUR,2023-12-12,4.95,5.02,4.95,4.98,6080,12,4.97772
BE0003730448,36790795,QFG,EUR,2023-12-13,5.0,5.2,4.99,4.99,7630,23,5.09548
BE0003730448,36790795,QFG,EUR,2023-12-14,4.99,5.16,4.99,5.1,2349,13,5.10352
BE0003730448,36790795,QFG,EUR,2023-12-15,5.14,5.14,4.95,5.06,26607,29,5.03716
BE0003730448,36790795,QFG,EUR,2023-12-18,4.94,4.99,4.78,4.78,42645,80,4.84368
BE0003730448,36790795,QFG,EUR,2023-12-19,4.8,4.96,4.7,4.75,26623,46,4.77082
BE0003730448,36790795,QFG,EUR,2023-12-20,4.75,4.96,4.72,4.96,10320,25,4.7726
BE0003730448,36790795,QFG,EUR,2023-12-21,4.79,4.93,4.76,4.93,4121,9,4.79118
BE0003730448,36790795,QFG,EUR,2023-12-22,4.86,4.86,4.82,4.85,3364,13,4.84652
BE0003730448,36790795,QFG,EUR,2023-12-27,4.85,5.04,4.82,4.92,17064,47,4.88096
BE0003730448,36790795,QFG,EUR,2023-12-28,4.86,5.1,4.85,5.0,25624,43,5.00832
BE0003730448,36790795,QFG,EUR,2023-12-29,5.0,5.0,4.9,5.0,9096,15,4.9811
